{
    "BTC/USDT": {
        "max_depth": 2,
        "learning_rate": 0.08525324911002358,
        "reg_alpha": 1.7308898460859083,
        "reg_lambda": 8.010655472272925,
        "confidence": 0.6133567473079644,
        "sl_mult": 2.5097568284528964,
        "tp_mult": 4.5683853688089675,
        "risk_pct": 0.19564514456066598
    },
    "ETH/USDT": {
        "max_depth": 2,
        "learning_rate": 0.1210092854435017,
        "reg_alpha": 4.353296599036458,
        "reg_lambda": 3.6927941018741066,
        "confidence": 0.5522670092421759,
        "sl_mult": 2.978087890646719,
        "tp_mult": 3.678289888433118,
        "risk_pct": 0.1718975390024246
    },
    "BNB/USDT": {
        "max_depth": 4,
        "learning_rate": 0.17841856402545683,
        "reg_alpha": 9.569868675539514,
        "reg_lambda": 9.20696425685701,
        "confidence": 0.5595216196555567,
        "sl_mult": 2.366986483950968,
        "tp_mult": 4.285142253636045,
        "risk_pct": 0.2587010301117125
    },
    "SOL/USDT": {
        "max_depth": 4,
        "learning_rate": 0.14699637055243508,
        "reg_alpha": 5.869835863550945,
        "reg_lambda": 3.4440531026377457,
        "confidence": 0.5464529590120225,
        "sl_mult": 2.5197392652965873,
        "tp_mult": 5.510472782049796,
        "risk_pct": 0.25829299368699615
    }
}