2026-08-24 22:29:51,983 - portfolio_wfo_bot - INFO - Balance: $4596.73 | Libre: $3413.46 | Posiciones: SOL/USDT:USDT:['SHORT']
2026-08-24 22:30:26,933 - portfolio_wfo_bot - INFO - Balance: $4597.47 | Libre: $3414.00 | Posiciones: SOL/USDT:USDT:['SHORT']
2026-08-24 22:31:01,736 - portfolio_wfo_bot - INFO - Balance: $4597.84 | Libre: $3413.88 | Posiciones: SOL/USDT:USDT:['SHORT']
2026-08-24 22:31:36,597 - portfolio_wfo_bot - INFO - Balance: $4597.74 | Libre: $3414.65 | Posiciones: SOL/USDT:USDT:['SHORT']
2026-08-24 22:32:11,517 - portfolio_wfo_bot - INFO - Balance: $4598.60 | Libre: $3415.60 | Posiciones: SOL/USDT:USDT:['SHORT']
2026-08-24 22:32:46,451 - portfolio_wfo_bot - INFO - Balance: $4597.31 | Libre: $3414.19 | Posiciones: SOL/USDT:USDT:['SHORT']
2026-08-24 22:33:21,289 - portfolio_wfo_bot - INFO - Balance: $4596.87 | Libre: $3413.70 | Posiciones: SOL/USDT:USDT:['SHORT']
2026-08-24 22:33:56,011 - portfolio_wfo_bot - INFO - Balance: $4596.72 | Libre: $3413.53 | Posiciones: SOL/USDT:USDT:['SHORT']
2026-08-24 22:34:30,888 - portfolio_wfo_bot - INFO - Balance: $4597.82 | Libre: $3414.75 | Posiciones: SOL/USDT:USDT:['SHORT']
2026-08-24 22:35:05,655 - portfolio_wfo_bot - INFO - Balance: $4598.13 | Libre: $3415.08 | Posiciones: SOL/USDT:USDT:['SHORT']
2026-08-24 22:35:40,405 - portfolio_wfo_bot - INFO - Balance: $4597.81 | Libre: $3414.74 | Posiciones: SOL/USDT:USDT:['SHORT']
2026-08-24 22:36:15,119 - portfolio_wfo_bot - INFO - Balance: $4597.34 | Libre: $3414.22 | Posiciones: SOL/USDT:USDT:['SHORT']
2026-08-24 22:36:19,803 - portfolio_wfo_bot - WARNING - [LINK/USDT] VETADO 4h por sangria neta sostenida: 2 trades, realizado=$-50.85, comision=$-6.31, neto=$-57.15 en las ultimas 6h
2026-08-24 22:36:56,158 - portfolio_wfo_bot - INFO - Balance: $4597.81 | Libre: $3414.74 | Posiciones: SOL/USDT:USDT:['SHORT']
2026-08-24 22:37:31,001 - portfolio_wfo_bot - INFO - Balance: $4598.09 | Libre: $3415.04 | Posiciones: SOL/USDT:USDT:['SHORT']
2026-08-24 22:38:06,847 - portfolio_wfo_bot - INFO - Balance: $4597.74 | Libre: $3414.66 | Posiciones: SOL/USDT:USDT:['SHORT']
2026-08-24 22:38:41,731 - portfolio_wfo_bot - INFO - Balance: $4597.97 | Libre: $3414.83 | Posiciones: SOL/USDT:USDT:['SHORT']
2026-08-24 22:39:16,577 - portfolio_wfo_bot - INFO - Balance: $4598.13 | Libre: $3415.08 | Posiciones: SOL/USDT:USDT:['SHORT']
2026-08-24 22:39:51,400 - portfolio_wfo_bot - INFO - Balance: $4598.97 | Libre: $3415.64 | Posiciones: SOL/USDT:USDT:['SHORT']
2026-08-24 22:40:26,942 - portfolio_wfo_bot - INFO - Balance: $4598.72 | Libre: $3415.69 | Posiciones: SOL/USDT:USDT:['SHORT']
2026-08-24 22:41:02,031 - portfolio_wfo_bot - INFO - Balance: $4598.83 | Libre: $3415.86 | Posiciones: SOL/USDT:USDT:['SHORT']
2026-08-24 22:41:37,052 - portfolio_wfo_bot - INFO - Balance: $4598.33 | Libre: $3415.31 | Posiciones: SOL/USDT:USDT:['SHORT']
2026-08-24 22:42:11,918 - portfolio_wfo_bot - INFO - Balance: $4599.07 | Libre: $3416.04 | Posiciones: SOL/USDT:USDT:['SHORT']
2026-08-24 22:42:46,917 - portfolio_wfo_bot - INFO - Balance: $4599.38 | Libre: $3416.46 | Posiciones: SOL/USDT:USDT:['SHORT']
2026-08-24 22:43:21,862 - portfolio_wfo_bot - INFO - Balance: $4600.00 | Libre: $3416.92 | Posiciones: SOL/USDT:USDT:['SHORT']
2026-08-24 22:43:56,770 - portfolio_wfo_bot - INFO - Balance: $4600.17 | Libre: $3417.33 | Posiciones: SOL/USDT:USDT:['SHORT']
2026-08-24 22:44:31,628 - portfolio_wfo_bot - INFO - Balance: $4600.95 | Libre: $3418.19 | Posiciones: SOL/USDT:USDT:['SHORT']
2026-08-24 22:45:06,585 - portfolio_wfo_bot - INFO - Balance: $4601.01 | Libre: $3418.26 | Posiciones: SOL/USDT:USDT:['SHORT']
2026-08-24 22:45:41,428 - portfolio_wfo_bot - INFO - Balance: $4601.40 | Libre: $3418.55 | Posiciones: SOL/USDT:USDT:['SHORT']
2026-08-24 22:46:16,358 - portfolio_wfo_bot - INFO - Balance: $4599.93 | Libre: $3417.07 | Posiciones: SOL/USDT:USDT:['SHORT']
2026-08-24 22:46:51,114 - portfolio_wfo_bot - INFO - Balance: $4601.11 | Libre: $3418.36 | Posiciones: SOL/USDT:USDT:['SHORT']
2026-08-24 22:47:25,855 - portfolio_wfo_bot - INFO - Balance: $4600.17 | Libre: $3417.33 | Posiciones: SOL/USDT:USDT:['SHORT']
2026-08-24 22:48:00,629 - portfolio_wfo_bot - INFO - Balance: $4600.17 | Libre: $3417.33 | Posiciones: SOL/USDT:USDT:['SHORT']
2026-08-24 22:48:35,358 - portfolio_wfo_bot - INFO - Balance: $4600.22 | Libre: $3417.39 | Posiciones: SOL/USDT:USDT:['SHORT']
2026-08-24 22:49:10,073 - portfolio_wfo_bot - INFO - Balance: $4600.00 | Libre: $3417.15 | Posiciones: SOL/USDT:USDT:['SHORT']
2026-08-24 22:49:44,732 - portfolio_wfo_bot - INFO - Balance: $4600.00 | Libre: $3417.14 | Posiciones: SOL/USDT:USDT:['SHORT']
2026-08-24 22:50:19,463 - portfolio_wfo_bot - INFO - Balance: $4599.79 | Libre: $3416.91 | Posiciones: SOL/USDT:USDT:['SHORT']
2026-08-24 22:50:54,399 - portfolio_wfo_bot - INFO - Balance: $4600.01 | Libre: $3417.15 | Posiciones: SOL/USDT:USDT:['SHORT']
2026-08-24 22:51:29,119 - portfolio_wfo_bot - INFO - Balance: $4599.85 | Libre: $3416.98 | Posiciones: SOL/USDT:USDT:['SHORT']
2026-08-24 22:52:03,813 - portfolio_wfo_bot - INFO - Balance: $4599.60 | Libre: $3416.70 | Posiciones: SOL/USDT:USDT:['SHORT']
2026-08-24 22:52:38,525 - portfolio_wfo_bot - INFO - Balance: $4599.31 | Libre: $3416.39 | Posiciones: SOL/USDT:USDT:['SHORT']
2026-08-24 22:53:13,194 - portfolio_wfo_bot - INFO - Balance: $4598.98 | Libre: $3416.03 | Posiciones: SOL/USDT:USDT:['SHORT']
2026-08-24 22:53:47,889 - portfolio_wfo_bot - INFO - Balance: $4598.91 | Libre: $3415.95 | Posiciones: SOL/USDT:USDT:['SHORT']
2026-08-24 22:54:22,595 - portfolio_wfo_bot - INFO - Balance: $4598.91 | Libre: $3415.95 | Posiciones: SOL/USDT:USDT:['SHORT']
2026-08-24 22:54:57,337 - portfolio_wfo_bot - INFO - Balance: $4598.96 | Libre: $3415.95 | Posiciones: SOL/USDT:USDT:['SHORT']
2026-08-24 22:55:32,086 - portfolio_wfo_bot - INFO - Balance: $4599.38 | Libre: $3416.46 | Posiciones: SOL/USDT:USDT:['SHORT']
2026-08-24 22:56:06,793 - portfolio_wfo_bot - INFO - Balance: $4599.18 | Libre: $3416.24 | Posiciones: SOL/USDT:USDT:['SHORT']
2026-08-24 22:56:41,666 - portfolio_wfo_bot - INFO - Balance: $4599.64 | Libre: $3416.33 | Posiciones: SOL/USDT:USDT:['SHORT']
2026-08-24 22:57:16,517 - portfolio_wfo_bot - INFO - Balance: $4599.93 | Libre: $3417.07 | Posiciones: SOL/USDT:USDT:['SHORT']
2026-08-24 22:57:51,578 - portfolio_wfo_bot - INFO - Balance: $4599.45 | Libre: $3416.54 | Posiciones: SOL/USDT:USDT:['SHORT']
2026-08-24 22:58:26,441 - portfolio_wfo_bot - INFO - Balance: $4599.22 | Libre: $3416.14 | Posiciones: SOL/USDT:USDT:['SHORT']
2026-08-24 22:59:01,328 - portfolio_wfo_bot - INFO - Balance: $4599.07 | Libre: $3416.12 | Posiciones: SOL/USDT:USDT:['SHORT']
2026-08-24 22:59:36,183 - portfolio_wfo_bot - INFO - Balance: $4598.91 | Libre: $3415.95 | Posiciones: SOL/USDT:USDT:['SHORT']
2026-08-24 23:00:11,056 - portfolio_wfo_bot - INFO - Balance: $4598.36 | Libre: $3415.34 | Posiciones: SOL/USDT:USDT:['SHORT']
2026-08-24 23:00:45,957 - portfolio_wfo_bot - INFO - Balance: $4598.36 | Libre: $3415.19 | Posiciones: SOL/USDT:USDT:['SHORT']
2026-08-24 23:01:20,875 - portfolio_wfo_bot - INFO - Balance: $4597.87 | Libre: $3414.81 | Posiciones: SOL/USDT:USDT:['SHORT']
2026-08-24 23:01:55,756 - portfolio_wfo_bot - INFO - Balance: $4597.58 | Libre: $3414.48 | Posiciones: SOL/USDT:USDT:['SHORT']
2026-08-24 23:02:30,661 - portfolio_wfo_bot - INFO - Balance: $4597.03 | Libre: $3413.88 | Posiciones: SOL/USDT:USDT:['SHORT']
2026-08-24 23:03:05,500 - portfolio_wfo_bot - INFO - Balance: $4596.64 | Libre: $3413.45 | Posiciones: SOL/USDT:USDT:['SHORT']
2026-08-24 23:03:40,404 - portfolio_wfo_bot - INFO - Balance: $4596.13 | Libre: $3412.89 | Posiciones: SOL/USDT:USDT:['SHORT']
2026-08-24 23:04:15,228 - portfolio_wfo_bot - INFO - Balance: $4595.85 | Libre: $3412.58 | Posiciones: SOL/USDT:USDT:['SHORT']
2026-08-24 23:04:50,036 - portfolio_wfo_bot - INFO - Balance: $4595.93 | Libre: $3412.67 | Posiciones: SOL/USDT:USDT:['SHORT']
2026-08-24 23:05:24,884 - portfolio_wfo_bot - INFO - Balance: $4594.39 | Libre: $3410.98 | Posiciones: SOL/USDT:USDT:['SHORT']
2026-08-24 23:06:00,003 - portfolio_wfo_bot - INFO - Balance: $4594.99 | Libre: $3411.56 | Posiciones: SOL/USDT:USDT:['SHORT']
2026-08-24 23:06:21,926 - portfolio_wfo_bot - WARNING - [LINK/USDT] VETADO 4h por sangria neta sostenida: 2 trades, realizado=$-50.85, comision=$-6.31, neto=$-57.15 en las ultimas 6h
2026-08-24 23:06:45,965 - portfolio_wfo_bot - INFO - Balance: $4594.13 | Libre: $3410.69 | Posiciones: SOL/USDT:USDT:['SHORT']
2026-08-24 23:07:20,837 - portfolio_wfo_bot - INFO - Balance: $4593.58 | Libre: $3410.08 | Posiciones: SOL/USDT:USDT:['SHORT']
2026-08-24 23:07:55,722 - portfolio_wfo_bot - INFO - Balance: $4593.42 | Libre: $3409.91 | Posiciones: SOL/USDT:USDT:['SHORT']
2026-08-24 23:08:30,650 - portfolio_wfo_bot - INFO - Balance: $4593.27 | Libre: $3409.74 | Posiciones: SOL/USDT:USDT:['SHORT']
2026-08-24 23:09:05,579 - portfolio_wfo_bot - INFO - Balance: $4592.81 | Libre: $3409.23 | Posiciones: SOL/USDT:USDT:['SHORT']
2026-08-24 23:09:40,446 - portfolio_wfo_bot - INFO - Balance: $4593.03 | Libre: $3409.48 | Posiciones: SOL/USDT:USDT:['SHORT']
2026-08-24 23:10:15,315 - portfolio_wfo_bot - INFO - Balance: $4593.34 | Libre: $3409.82 | Posiciones: SOL/USDT:USDT:['SHORT']
2026-08-24 23:10:50,208 - portfolio_wfo_bot - INFO - Balance: $4593.34 | Libre: $3409.75 | Posiciones: SOL/USDT:USDT:['SHORT']
2026-08-24 23:11:25,048 - portfolio_wfo_bot - INFO - Balance: $4592.62 | Libre: $3409.02 | Posiciones: SOL/USDT:USDT:['SHORT']
2026-08-24 23:11:59,868 - portfolio_wfo_bot - INFO - Balance: $4592.80 | Libre: $3409.22 | Posiciones: SOL/USDT:USDT:['SHORT']
2026-08-24 23:12:34,698 - portfolio_wfo_bot - INFO - Balance: $4592.64 | Libre: $3409.05 | Posiciones: SOL/USDT:USDT:['SHORT']
2026-08-24 23:13:09,543 - portfolio_wfo_bot - INFO - Balance: $4592.95 | Libre: $3409.31 | Posiciones: SOL/USDT:USDT:['SHORT']
2026-08-24 23:13:44,479 - portfolio_wfo_bot - INFO - Balance: $4593.50 | Libre: $3410.00 | Posiciones: SOL/USDT:USDT:['SHORT']
2026-08-24 23:14:19,355 - portfolio_wfo_bot - INFO - Balance: $4593.19 | Libre: $3409.65 | Posiciones: SOL/USDT:USDT:['SHORT']
2026-08-24 23:14:54,653 - portfolio_wfo_bot - INFO - Balance: $4592.94 | Libre: $3409.38 | Posiciones: SOL/USDT:USDT:['SHORT']
2026-08-24 23:15:29,319 - portfolio_wfo_bot - INFO - Balance: $4593.66 | Libre: $3410.17 | Posiciones: SOL/USDT:USDT:['SHORT']
2026-08-24 23:16:03,980 - portfolio_wfo_bot - INFO - Balance: $4593.58 | Libre: $3410.08 | Posiciones: SOL/USDT:USDT:['SHORT']
2026-08-24 23:16:38,640 - portfolio_wfo_bot - INFO - Balance: $4593.35 | Libre: $3409.75 | Posiciones: SOL/USDT:USDT:['SHORT']
2026-08-24 23:17:13,306 - portfolio_wfo_bot - INFO - Balance: $4593.82 | Libre: $3410.34 | Posiciones: SOL/USDT:USDT:['SHORT']
2026-08-24 23:17:47,976 - portfolio_wfo_bot - INFO - Balance: $4593.74 | Libre: $3410.26 | Posiciones: SOL/USDT:USDT:['SHORT']
2026-08-24 23:18:22,641 - portfolio_wfo_bot - INFO - Balance: $4593.56 | Libre: $3410.06 | Posiciones: SOL/USDT:USDT:['SHORT']
2026-08-24 23:18:57,317 - portfolio_wfo_bot - INFO - Balance: $4593.52 | Libre: $3410.01 | Posiciones: SOL/USDT:USDT:['SHORT']
2026-08-24 23:19:31,988 - portfolio_wfo_bot - INFO - Balance: $4593.17 | Libre: $3409.63 | Posiciones: SOL/USDT:USDT:['SHORT']
2026-08-24 23:20:06,729 - portfolio_wfo_bot - INFO - Balance: $4592.84 | Libre: $3409.27 | Posiciones: SOL/USDT:USDT:['SHORT']
2026-08-24 23:20:41,363 - portfolio_wfo_bot - INFO - Balance: $4592.87 | Libre: $3409.31 | Posiciones: SOL/USDT:USDT:['SHORT']
2026-08-24 23:21:16,061 - portfolio_wfo_bot - INFO - Balance: $4593.50 | Libre: $3410.00 | Posiciones: SOL/USDT:USDT:['SHORT']
2026-08-24 23:21:50,719 - portfolio_wfo_bot - INFO - Balance: $4593.82 | Libre: $3410.34 | Posiciones: SOL/USDT:USDT:['SHORT']
2026-08-24 23:22:25,425 - portfolio_wfo_bot - INFO - Balance: $4593.74 | Libre: $3410.18 | Posiciones: SOL/USDT:USDT:['SHORT']
2026-08-24 23:23:00,092 - portfolio_wfo_bot - INFO - Balance: $4593.62 | Libre: $3410.13 | Posiciones: SOL/USDT:USDT:['SHORT']
2026-08-24 23:23:34,792 - portfolio_wfo_bot - INFO - Balance: $4593.89 | Libre: $3410.11 | Posiciones: SOL/USDT:USDT:['SHORT']
2026-08-24 23:24:09,464 - portfolio_wfo_bot - INFO - Balance: $4593.10 | Libre: $3409.56 | Posiciones: SOL/USDT:USDT:['SHORT']
2026-08-24 23:24:44,096 - portfolio_wfo_bot - INFO - Balance: $4593.34 | Libre: $3409.82 | Posiciones: SOL/USDT:USDT:['SHORT']
2026-08-24 23:25:18,763 - portfolio_wfo_bot - INFO - Balance: $4592.64 | Libre: $3409.05 | Posiciones: SOL/USDT:USDT:['SHORT']
2026-08-24 23:25:53,480 - portfolio_wfo_bot - INFO - Balance: $4592.80 | Libre: $3409.22 | Posiciones: SOL/USDT:USDT:['SHORT']
2026-08-24 23:26:28,145 - portfolio_wfo_bot - INFO - Balance: $4592.64 | Libre: $3409.05 | Posiciones: SOL/USDT:USDT:['SHORT']
2026-08-24 23:27:02,825 - portfolio_wfo_bot - INFO - Balance: $4592.44 | Libre: $3408.83 | Posiciones: SOL/USDT:USDT:['SHORT']
2026-08-24 23:27:37,464 - portfolio_wfo_bot - INFO - Balance: $4592.00 | Libre: $3408.34 | Posiciones: SOL/USDT:USDT:['SHORT']
2026-08-24 23:28:12,137 - portfolio_wfo_bot - INFO - Balance: $4591.36 | Libre: $3407.64 | Posiciones: SOL/USDT:USDT:['SHORT']
2026-08-24 23:28:46,776 - portfolio_wfo_bot - INFO - Balance: $4591.23 | Libre: $3407.50 | Posiciones: SOL/USDT:USDT:['SHORT']
2026-08-24 23:29:21,417 - portfolio_wfo_bot - INFO - Balance: $4590.12 | Libre: $3406.27 | Posiciones: SOL/USDT:USDT:['SHORT']
2026-08-24 23:29:56,107 - portfolio_wfo_bot - INFO - Balance: $4589.89 | Libre: $3406.03 | Posiciones: SOL/USDT:USDT:['SHORT']
2026-08-24 23:30:30,034 - portfolio_wfo_bot - INFO - [SOL/USDT] Cierre SHORT por salida por EMA20 (20 velas)
2026-08-24 23:30:32,667 - portfolio_wfo_bot - INFO - [BNB/USDT] Veto por churn/sangria expirado -- vuelve a operar.
2026-08-24 23:30:32,934 - portfolio_wfo_bot - INFO - [BNB/USDT] Entrada LONG colocada @ 714.19 (SL 711.18, TP 725.01, amt 2.08)
2026-08-24 23:30:33,180 - portfolio_wfo_bot - INFO - [BNB/USDT] Entrada SHORT colocada @ 723.12 (SL 729.04, TP 719.17, amt 1.06)
2026-08-24 23:30:33,529 - portfolio_wfo_bot - INFO - Balance: $4589.19 | Libre: $3260.35 | Posiciones: ninguna
2026-08-24 23:30:49,836 - portfolio_wfo_bot - INFO - [SOL/USDT] Entrada SHORT colocada @ 103.92 (SL 105.41, TP 102.55, amt 8.43)
2026-08-24 23:31:08,439 - portfolio_wfo_bot - INFO - Balance: $4589.19 | Libre: $3172.74 | Posiciones: ninguna
2026-08-24 23:31:43,295 - portfolio_wfo_bot - INFO - Balance: $4589.19 | Libre: $3172.74 | Posiciones: ninguna
2026-08-24 23:32:18,138 - portfolio_wfo_bot - INFO - Balance: $4589.19 | Libre: $3172.74 | Posiciones: ninguna
2026-08-24 23:32:52,956 - portfolio_wfo_bot - INFO - Balance: $4589.19 | Libre: $3172.74 | Posiciones: ninguna
2026-08-24 23:33:27,846 - portfolio_wfo_bot - INFO - Balance: $4589.19 | Libre: $3172.74 | Posiciones: ninguna
2026-08-24 23:34:02,653 - portfolio_wfo_bot - INFO - Balance: $4589.19 | Libre: $3172.74 | Posiciones: ninguna
2026-08-24 23:34:37,480 - portfolio_wfo_bot - INFO - Balance: $4589.19 | Libre: $3172.74 | Posiciones: ninguna
2026-08-24 23:35:12,705 - portfolio_wfo_bot - INFO - Balance: $4589.19 | Libre: $3172.74 | Posiciones: ninguna
2026-08-24 23:35:47,514 - portfolio_wfo_bot - INFO - Balance: $4589.19 | Libre: $3172.74 | Posiciones: ninguna
2026-08-24 23:36:22,323 - portfolio_wfo_bot - INFO - Balance: $4589.19 | Libre: $3172.74 | Posiciones: ninguna
2026-08-24 23:36:27,008 - portfolio_wfo_bot - WARNING - [LINK/USDT] VETADO 4h por sangria neta sostenida: 2 trades, realizado=$-50.85, comision=$-6.31, neto=$-57.15 en las ultimas 6h
2026-08-24 23:37:08,140 - portfolio_wfo_bot - INFO - Balance: $4589.19 | Libre: $3172.74 | Posiciones: ninguna
2026-08-24 23:37:42,916 - portfolio_wfo_bot - INFO - Balance: $4589.19 | Libre: $3172.74 | Posiciones: ninguna
2026-08-24 23:38:17,717 - portfolio_wfo_bot - INFO - Balance: $4589.19 | Libre: $3172.74 | Posiciones: ninguna
2026-08-24 23:38:52,715 - portfolio_wfo_bot - INFO - Balance: $4589.19 | Libre: $3172.74 | Posiciones: ninguna
2026-08-24 23:39:27,486 - portfolio_wfo_bot - INFO - Balance: $4589.19 | Libre: $3172.74 | Posiciones: ninguna
2026-08-24 23:40:02,230 - portfolio_wfo_bot - INFO - Balance: $4589.19 | Libre: $3172.74 | Posiciones: ninguna
2026-08-24 23:40:37,014 - portfolio_wfo_bot - INFO - Balance: $4589.19 | Libre: $3172.74 | Posiciones: ninguna
2026-08-24 23:41:11,810 - portfolio_wfo_bot - INFO - Balance: $4589.19 | Libre: $3172.74 | Posiciones: ninguna
2026-08-24 23:41:46,636 - portfolio_wfo_bot - INFO - Balance: $4589.19 | Libre: $3172.74 | Posiciones: ninguna
2026-08-24 23:42:21,425 - portfolio_wfo_bot - INFO - Balance: $4589.19 | Libre: $3172.74 | Posiciones: ninguna
2026-08-24 23:42:56,259 - portfolio_wfo_bot - INFO - Balance: $4589.19 | Libre: $3172.74 | Posiciones: ninguna
2026-08-24 23:43:31,025 - portfolio_wfo_bot - INFO - Balance: $4589.19 | Libre: $3172.74 | Posiciones: ninguna
2026-08-24 23:44:05,797 - portfolio_wfo_bot - INFO - Balance: $4589.19 | Libre: $3172.74 | Posiciones: ninguna
2026-08-24 23:44:40,562 - portfolio_wfo_bot - INFO - Balance: $4589.19 | Libre: $3172.74 | Posiciones: ninguna
2026-08-24 23:45:15,385 - portfolio_wfo_bot - INFO - Balance: $4589.19 | Libre: $3172.74 | Posiciones: ninguna
2026-08-24 23:45:50,617 - portfolio_wfo_bot - INFO - Balance: $4589.19 | Libre: $3172.74 | Posiciones: ninguna
2026-08-24 23:46:25,334 - portfolio_wfo_bot - INFO - Balance: $4589.19 | Libre: $3172.74 | Posiciones: ninguna
2026-08-24 23:47:00,007 - portfolio_wfo_bot - INFO - Balance: $4589.19 | Libre: $3172.74 | Posiciones: ninguna
2026-08-24 23:47:35,221 - portfolio_wfo_bot - INFO - Balance: $4589.19 | Libre: $3172.74 | Posiciones: ninguna
2026-08-24 23:48:10,513 - portfolio_wfo_bot - INFO - Balance: $4589.19 | Libre: $3172.74 | Posiciones: ninguna
2026-08-24 23:48:45,874 - portfolio_wfo_bot - INFO - Balance: $4589.19 | Libre: $3172.74 | Posiciones: ninguna
2026-08-24 23:49:20,970 - portfolio_wfo_bot - INFO - Balance: $4589.19 | Libre: $3172.74 | Posiciones: ninguna
2026-08-24 23:49:55,798 - portfolio_wfo_bot - INFO - Balance: $4589.19 | Libre: $3172.74 | Posiciones: ninguna
2026-08-24 23:50:31,414 - portfolio_wfo_bot - INFO - Balance: $4589.19 | Libre: $3172.74 | Posiciones: ninguna
2026-08-24 23:51:06,637 - portfolio_wfo_bot - INFO - Balance: $4589.19 | Libre: $3172.74 | Posiciones: ninguna
2026-08-24 23:51:41,826 - portfolio_wfo_bot - INFO - Balance: $4589.19 | Libre: $3172.74 | Posiciones: ninguna
2026-08-24 23:52:16,912 - portfolio_wfo_bot - INFO - Balance: $4589.19 | Libre: $3172.74 | Posiciones: ninguna
2026-08-24 23:52:51,697 - portfolio_wfo_bot - INFO - Balance: $4589.19 | Libre: $3172.74 | Posiciones: ninguna
2026-08-24 23:53:26,348 - portfolio_wfo_bot - INFO - Balance: $4589.19 | Libre: $3172.74 | Posiciones: ninguna
2026-08-24 23:54:01,008 - portfolio_wfo_bot - INFO - Balance: $4589.19 | Libre: $3172.74 | Posiciones: ninguna
2026-08-24 23:54:36,995 - portfolio_wfo_bot - INFO - Balance: $4589.19 | Libre: $3172.74 | Posiciones: ninguna
2026-08-24 23:55:11,785 - portfolio_wfo_bot - INFO - Balance: $4589.19 | Libre: $3172.74 | Posiciones: ninguna
2026-08-24 23:55:46,483 - portfolio_wfo_bot - INFO - Balance: $4589.19 | Libre: $3172.74 | Posiciones: ninguna
2026-08-24 23:56:21,181 - portfolio_wfo_bot - INFO - Balance: $4589.19 | Libre: $3172.74 | Posiciones: ninguna
2026-08-24 23:56:55,883 - portfolio_wfo_bot - INFO - Balance: $4589.19 | Libre: $3172.74 | Posiciones: ninguna
2026-08-24 23:57:30,647 - portfolio_wfo_bot - INFO - Balance: $4589.19 | Libre: $3172.74 | Posiciones: ninguna
2026-08-24 23:58:05,364 - portfolio_wfo_bot - INFO - Balance: $4589.19 | Libre: $3172.74 | Posiciones: ninguna
2026-08-24 23:58:40,071 - portfolio_wfo_bot - INFO - Balance: $4589.19 | Libre: $3172.74 | Posiciones: ninguna
2026-08-24 23:59:14,858 - portfolio_wfo_bot - INFO - Balance: $4589.19 | Libre: $3172.74 | Posiciones: ninguna
2026-08-24 23:59:49,801 - portfolio_wfo_bot - INFO - Balance: $4589.19 | Libre: $3172.74 | Posiciones: ninguna
2026-08-25 00:00:24,510 - portfolio_wfo_bot - INFO - Balance: $4589.19 | Libre: $3172.74 | Posiciones: ninguna
2026-08-25 00:00:59,536 - portfolio_wfo_bot - INFO - Balance: $4589.19 | Libre: $3172.74 | Posiciones: ninguna
2026-08-25 00:01:34,313 - portfolio_wfo_bot - INFO - Balance: $4589.19 | Libre: $3172.74 | Posiciones: ninguna
2026-08-25 00:02:09,086 - portfolio_wfo_bot - INFO - Balance: $4589.19 | Libre: $3172.74 | Posiciones: ninguna
2026-08-25 00:02:43,870 - portfolio_wfo_bot - INFO - Balance: $4589.19 | Libre: $3172.74 | Posiciones: ninguna
2026-08-25 00:03:18,672 - portfolio_wfo_bot - INFO - Balance: $4589.19 | Libre: $3172.74 | Posiciones: ninguna
2026-08-25 00:03:53,654 - portfolio_wfo_bot - INFO - Balance: $4589.19 | Libre: $3172.74 | Posiciones: ninguna
2026-08-25 00:04:28,452 - portfolio_wfo_bot - INFO - Balance: $4589.19 | Libre: $3172.74 | Posiciones: ninguna
2026-08-25 00:05:03,260 - portfolio_wfo_bot - INFO - Balance: $4589.19 | Libre: $3172.74 | Posiciones: ninguna
2026-08-25 00:05:38,062 - portfolio_wfo_bot - INFO - Balance: $4589.19 | Libre: $3172.74 | Posiciones: ninguna
2026-08-25 00:06:12,842 - portfolio_wfo_bot - INFO - Balance: $4589.19 | Libre: $3172.74 | Posiciones: ninguna
2026-08-25 00:06:34,765 - portfolio_wfo_bot - WARNING - [LINK/USDT] VETADO 4h por sangria neta sostenida: 2 trades, realizado=$-50.85, comision=$-6.31, neto=$-57.15 en las ultimas 6h
2026-08-25 00:06:53,848 - portfolio_wfo_bot - INFO - Balance: $4589.19 | Libre: $3172.74 | Posiciones: ninguna
2026-08-25 00:07:28,677 - portfolio_wfo_bot - INFO - Balance: $4589.19 | Libre: $3172.74 | Posiciones: ninguna
2026-08-25 00:08:03,476 - portfolio_wfo_bot - INFO - Balance: $4589.19 | Libre: $3172.74 | Posiciones: ninguna
2026-08-25 00:08:38,248 - portfolio_wfo_bot - INFO - Balance: $4589.19 | Libre: $3172.74 | Posiciones: ninguna
2026-08-25 00:09:12,988 - portfolio_wfo_bot - INFO - Balance: $4589.19 | Libre: $3172.74 | Posiciones: ninguna
2026-08-25 00:09:47,763 - portfolio_wfo_bot - INFO - Balance: $4589.19 | Libre: $3172.74 | Posiciones: ninguna
2026-08-25 00:10:22,581 - portfolio_wfo_bot - INFO - Balance: $4589.19 | Libre: $3172.74 | Posiciones: ninguna
2026-08-25 00:10:57,328 - portfolio_wfo_bot - INFO - Balance: $4589.19 | Libre: $3172.74 | Posiciones: ninguna
2026-08-25 00:11:32,150 - portfolio_wfo_bot - INFO - Balance: $4589.19 | Libre: $3172.74 | Posiciones: ninguna
2026-08-25 00:12:06,940 - portfolio_wfo_bot - INFO - Balance: $4589.19 | Libre: $3172.74 | Posiciones: ninguna
2026-08-25 00:12:41,738 - portfolio_wfo_bot - INFO - Balance: $4589.19 | Libre: $3172.74 | Posiciones: ninguna
2026-08-25 00:13:16,737 - portfolio_wfo_bot - INFO - Balance: $4589.19 | Libre: $3172.74 | Posiciones: ninguna
2026-08-25 00:13:51,594 - portfolio_wfo_bot - INFO - Balance: $4589.19 | Libre: $3172.74 | Posiciones: ninguna
2026-08-25 00:14:26,369 - portfolio_wfo_bot - INFO - Balance: $4589.19 | Libre: $3172.74 | Posiciones: ninguna
2026-08-25 00:15:01,964 - portfolio_wfo_bot - INFO - Balance: $4589.19 | Libre: $3172.74 | Posiciones: ninguna
2026-08-25 00:15:18,580 - portfolio_wfo_bot - INFO - [SOL/USDT] Entrada LONG colocada @ 100.07 (SL 98.7, TP 101.38, amt 9.15)
2026-08-25 00:15:37,322 - portfolio_wfo_bot - INFO - Balance: $4589.19 | Libre: $3183.28 | Posiciones: ninguna
2026-08-25 00:16:12,151 - portfolio_wfo_bot - INFO - Balance: $4589.19 | Libre: $3183.28 | Posiciones: ninguna
2026-08-25 00:16:47,031 - portfolio_wfo_bot - INFO - Balance: $4589.19 | Libre: $3183.28 | Posiciones: ninguna
2026-08-25 00:17:21,788 - portfolio_wfo_bot - INFO - Balance: $4589.19 | Libre: $3183.28 | Posiciones: ninguna
2026-08-25 00:17:56,451 - portfolio_wfo_bot - INFO - Balance: $4589.19 | Libre: $3183.28 | Posiciones: ninguna
2026-08-25 00:18:31,121 - portfolio_wfo_bot - INFO - Balance: $4589.19 | Libre: $3183.28 | Posiciones: ninguna
2026-08-25 00:19:05,780 - portfolio_wfo_bot - INFO - Balance: $4589.19 | Libre: $3183.28 | Posiciones: ninguna
2026-08-25 00:19:40,470 - portfolio_wfo_bot - INFO - Balance: $4589.19 | Libre: $3183.28 | Posiciones: ninguna
2026-08-25 00:20:15,169 - portfolio_wfo_bot - INFO - Balance: $4589.19 | Libre: $3183.28 | Posiciones: ninguna
2026-08-25 00:20:49,836 - portfolio_wfo_bot - INFO - Balance: $4589.19 | Libre: $3183.28 | Posiciones: ninguna
2026-08-25 00:21:24,470 - portfolio_wfo_bot - INFO - Balance: $4589.19 | Libre: $3183.28 | Posiciones: ninguna
2026-08-25 00:21:59,111 - portfolio_wfo_bot - INFO - Balance: $4589.19 | Libre: $3183.28 | Posiciones: ninguna
2026-08-25 00:22:33,826 - portfolio_wfo_bot - INFO - Balance: $4589.19 | Libre: $3183.28 | Posiciones: ninguna
2026-08-25 00:23:08,489 - portfolio_wfo_bot - INFO - Balance: $4589.19 | Libre: $3183.28 | Posiciones: ninguna
2026-08-25 00:23:43,148 - portfolio_wfo_bot - INFO - Balance: $4589.19 | Libre: $3183.28 | Posiciones: ninguna
2026-08-25 00:24:17,799 - portfolio_wfo_bot - INFO - Balance: $4589.19 | Libre: $3183.28 | Posiciones: ninguna
2026-08-25 00:24:52,423 - portfolio_wfo_bot - INFO - Balance: $4589.19 | Libre: $3183.28 | Posiciones: ninguna
2026-08-25 00:25:27,067 - portfolio_wfo_bot - INFO - Balance: $4589.19 | Libre: $3183.28 | Posiciones: ninguna
2026-08-25 00:26:01,708 - portfolio_wfo_bot - INFO - Balance: $4589.19 | Libre: $3183.28 | Posiciones: ninguna
2026-08-25 00:26:36,577 - portfolio_wfo_bot - INFO - Balance: $4589.19 | Libre: $3183.28 | Posiciones: ninguna
2026-08-25 00:27:11,218 - portfolio_wfo_bot - INFO - Balance: $4589.19 | Libre: $3183.28 | Posiciones: ninguna
2026-08-25 00:27:45,923 - portfolio_wfo_bot - INFO - Balance: $4589.19 | Libre: $3183.28 | Posiciones: ninguna
2026-08-25 00:28:20,635 - portfolio_wfo_bot - INFO - Balance: $4589.19 | Libre: $3183.28 | Posiciones: ninguna
2026-08-25 00:28:55,520 - portfolio_wfo_bot - INFO - Balance: $4589.19 | Libre: $3183.28 | Posiciones: ninguna
2026-08-25 00:29:30,278 - portfolio_wfo_bot - INFO - Balance: $4589.19 | Libre: $3183.28 | Posiciones: ninguna
2026-08-25 00:30:04,996 - portfolio_wfo_bot - INFO - Balance: $4589.19 | Libre: $3183.28 | Posiciones: ninguna
2026-08-25 00:30:39,678 - portfolio_wfo_bot - INFO - Balance: $4589.19 | Libre: $3183.28 | Posiciones: ninguna
2026-08-25 00:31:14,327 - portfolio_wfo_bot - INFO - Balance: $4589.19 | Libre: $3183.28 | Posiciones: ninguna
2026-08-25 00:31:49,030 - portfolio_wfo_bot - INFO - Balance: $4589.19 | Libre: $3183.28 | Posiciones: ninguna
2026-08-25 00:32:23,825 - portfolio_wfo_bot - INFO - Balance: $4589.19 | Libre: $3183.28 | Posiciones: ninguna
2026-08-25 00:32:58,625 - portfolio_wfo_bot - INFO - Balance: $4589.19 | Libre: $3183.28 | Posiciones: ninguna
2026-08-25 00:33:33,336 - portfolio_wfo_bot - INFO - Balance: $4589.19 | Libre: $3183.28 | Posiciones: ninguna
2026-08-25 00:34:08,080 - portfolio_wfo_bot - INFO - Balance: $4589.19 | Libre: $3183.28 | Posiciones: ninguna
2026-08-25 00:34:42,821 - portfolio_wfo_bot - INFO - Balance: $4589.19 | Libre: $3183.28 | Posiciones: ninguna
2026-08-25 00:35:17,550 - portfolio_wfo_bot - INFO - Balance: $4589.19 | Libre: $3183.28 | Posiciones: ninguna
2026-08-25 00:35:52,421 - portfolio_wfo_bot - INFO - Balance: $4589.19 | Libre: $3183.28 | Posiciones: ninguna
2026-08-25 00:36:27,171 - portfolio_wfo_bot - INFO - Balance: $4589.19 | Libre: $3183.28 | Posiciones: ninguna
2026-08-25 00:36:49,007 - portfolio_wfo_bot - WARNING - [LINK/USDT] VETADO 4h por sangria neta sostenida: 2 trades, realizado=$-50.85, comision=$-6.31, neto=$-57.15 en las ultimas 6h
2026-08-25 00:37:12,910 - portfolio_wfo_bot - INFO - Balance: $4589.19 | Libre: $3183.28 | Posiciones: ninguna
2026-08-25 00:37:47,617 - portfolio_wfo_bot - INFO - Balance: $4589.19 | Libre: $3183.28 | Posiciones: ninguna
2026-08-25 00:38:28,923 - portfolio_wfo_bot - INFO - Balance: $4588.16 | Libre: $3182.33 | Posiciones: BNB/USDT:USDT:['LONG']
2026-08-25 00:39:03,627 - portfolio_wfo_bot - INFO - Balance: $4588.33 | Libre: $3182.48 | Posiciones: BNB/USDT:USDT:['LONG']
2026-08-25 00:39:38,411 - portfolio_wfo_bot - INFO - Balance: $4588.43 | Libre: $3182.57 | Posiciones: BNB/USDT:USDT:['LONG']
2026-08-25 00:40:13,126 - portfolio_wfo_bot - INFO - Balance: $4588.87 | Libre: $3182.97 | Posiciones: BNB/USDT:USDT:['LONG']
2026-08-25 00:40:47,606 - portfolio_wfo_bot - WARNING - [SOL/USDT] VETADO 3h: 2 stops inmediatos en 90 min -- la tendencia esta atropellando las entradas.
2026-08-25 00:40:47,797 - portfolio_wfo_bot - INFO - Balance: $4588.14 | Libre: $3182.31 | Posiciones: BNB/USDT:USDT:['LONG']
2026-08-25 00:41:05,433 - portfolio_wfo_bot - INFO - Conectado a BINANCE DEMO TRADING (testnet)
2026-08-25 00:41:10,115 - portfolio_wfo_bot - WARNING - No se pudo forzar hedge mode (puede que ya este activo): binance {"code":-4067,"msg":"Position side cannot be changed if there exists open orders."}
2026-08-25 00:41:10,812 - portfolio_wfo_bot - INFO - Pesos de capital por momentum: ETH/USDT=0.97x(30d +32.4%), SOL/USDT=0.98x(30d +32.5%), LINK/USDT=1.60x(30d +38.7%), BNB/USDT=0.46x(30d +23.6%)
2026-08-25 00:41:10,986 - portfolio_wfo_bot - INFO - Topes de notional por simbolo: ETH/USDT=$4442.84, SOL/USDT=$4500.66, LINK/USDT=$7320.32, BNB/USDT=$2089.87 (equity $4588.42, 10x)
2026-08-25 00:41:11,556 - portfolio_wfo_bot - INFO - Balance: $4588.60 | Libre: $3182.72 | Posiciones: BNB/USDT:USDT:['LONG']
2026-08-25 00:41:12,255 - portfolio_wfo_bot - INFO - Pesos de capital por momentum: ETH/USDT=0.97x(30d +32.4%), SOL/USDT=0.98x(30d +32.5%), LINK/USDT=1.60x(30d +38.7%), BNB/USDT=0.46x(30d +23.6%)
2026-08-25 00:41:12,430 - portfolio_wfo_bot - INFO - Topes de notional por simbolo: ETH/USDT=$4443.01, SOL/USDT=$4500.83, LINK/USDT=$7320.60, BNB/USDT=$2089.95 (equity $4588.60, 10x)
2026-08-25 00:41:12,783 - portfolio_wfo_bot - INFO - Balance: $4588.60 | Libre: $3182.72 | Posiciones: BNB/USDT:USDT:['LONG']
2026-08-25 00:41:16,863 - portfolio_wfo_bot - INFO - [ETH/USDT] Reoptimizado (25d train) -> entrenamiento=$241.80 | pronostico fuera de muestra=$267.06 (4 trades) | params={'grid_spacing_mult': 1.6949952286133305, 'sl_mult': 3.9832807754583395, 'tp_mult': 2.517230734129645, 'grid_spacing_mult_s': 2.1889393962947774, 'sl_mult_s': 2.060695991641823, 'tp_mult_s': 0.7412749227399732, 'risk_pct': 0.04009047110909851}
2026-08-25 00:41:21,241 - portfolio_wfo_bot - INFO - [SOL/USDT] Reoptimizado (25d train) -> entrenamiento=$959.07 | pronostico fuera de muestra=$331.64 (5 trades) | params={'grid_spacing_mult': 1.6889239546671007, 'sl_mult': 1.4484920900481348, 'tp_mult': 0.8325548563871876, 'grid_spacing_mult_s': 2.686761235036267, 'sl_mult_s': 2.3091780642756703, 'tp_mult_s': 0.7584097653674291, 'risk_pct': 0.06807180905722335}
2026-08-25 00:41:26,546 - portfolio_wfo_bot - INFO - [LINK/USDT] Reoptimizado (40d train) -> entrenamiento=$3626.55 | pronostico fuera de muestra=$263.74 (1 trades) | params={'grid_spacing_mult': 2.776687347018976, 'sl_mult': 1.2429569479561577, 'tp_mult': 0.891898704020859, 'grid_spacing_mult_s': 2.0438397760365414, 'sl_mult_s': 1.9334432343486871, 'tp_mult_s': 0.7787541484542155, 'risk_pct': 0.07307375146306683}
2026-08-25 00:41:30,813 - portfolio_wfo_bot - INFO - [BNB/USDT] Reoptimizado (25d train) -> entrenamiento=$343.75 | pronostico fuera de muestra=$349.91 (3 trades) | params={'grid_spacing_mult': 1.8610624226515213, 'sl_mult': 1.663183056875806, 'tp_mult': 2.844623037799008, 'grid_spacing_mult_s': 2.8773039646009013, 'sl_mult_s': 2.9758420569221493, 'tp_mult_s': 0.8636149587451096, 'risk_pct': 0.07928238603530226}
2026-08-25 00:41:31,161 - portfolio_wfo_bot - INFO - [ETH/USDT] Orden de entrada LONG pendiente reconectada (id 16771910787 @ 2484.17, colocada 2026-08-25 03:30:21.287000)
2026-08-25 00:41:31,161 - portfolio_wfo_bot - INFO - [ETH/USDT] Orden de entrada SHORT pendiente reconectada (id 16771864352 @ 2535.09, colocada 2026-08-25 02:30:43.383000)
2026-08-25 00:41:31,522 - portfolio_wfo_bot - INFO - [SOL/USDT] Orden de entrada LONG pendiente reconectada (id 4187647853 @ 100.07, colocada 2026-08-25 06:15:18.436000)
2026-08-25 00:41:31,522 - portfolio_wfo_bot - INFO - [SOL/USDT] Orden de entrada SHORT pendiente reconectada (id 4187630023 @ 103.92, colocada 2026-08-25 05:30:49.720000)
2026-08-25 00:41:31,871 - portfolio_wfo_bot - INFO - [LINK/USDT] Orden de entrada SHORT pendiente reconectada (id 1032239165 @ 12.009, colocada 2026-08-25 02:31:04.431000)
2026-08-25 00:41:32,224 - portfolio_wfo_bot - INFO - [BNB/USDT] TP LONG existente adoptado (id 2628751062 @ 725.01)
2026-08-25 00:41:32,224 - portfolio_wfo_bot - INFO - [BNB/USDT] Orden de entrada SHORT pendiente reconectada (id 2628728734 @ 723.12, colocada 2026-08-25 05:30:33.075000)
2026-08-25 00:41:34,072 - portfolio_wfo_bot - INFO - [LINK/USDT] Entrada LONG colocada @ 11.669 (SL 11.607, TP 11.794, amt 465.47)
2026-08-25 00:41:35,141 - portfolio_wfo_bot - INFO - Balance: $4588.96 | Libre: $2639.89 | Posiciones: BNB/USDT:USDT:['LONG']
2026-08-25 00:41:39,820 - portfolio_wfo_bot - WARNING - [LINK/USDT] VETADO 4h por sangria neta sostenida: 2 trades, realizado=$-50.85, comision=$-6.31, neto=$-57.15 en las ultimas 6h
2026-08-25 00:42:16,059 - portfolio_wfo_bot - INFO - Balance: $4588.91 | Libre: $2639.84 | Posiciones: BNB/USDT:USDT:['LONG']
2026-08-25 00:42:50,862 - portfolio_wfo_bot - INFO - Balance: $4588.94 | Libre: $2639.87 | Posiciones: BNB/USDT:USDT:['LONG']
2026-08-25 00:43:25,598 - portfolio_wfo_bot - INFO - Balance: $4588.56 | Libre: $2639.53 | Posiciones: BNB/USDT:USDT:['LONG']
2026-08-25 00:44:00,440 - portfolio_wfo_bot - INFO - Balance: $4588.40 | Libre: $2639.38 | Posiciones: BNB/USDT:USDT:['LONG']
2026-08-25 00:44:35,249 - portfolio_wfo_bot - INFO - Balance: $4588.52 | Libre: $2639.49 | Posiciones: BNB/USDT:USDT:['LONG']
2026-08-25 00:45:10,049 - portfolio_wfo_bot - INFO - Balance: $4588.78 | Libre: $2639.72 | Posiciones: BNB/USDT:USDT:['LONG']
2026-08-25 00:45:44,856 - portfolio_wfo_bot - INFO - Balance: $4588.08 | Libre: $2639.10 | Posiciones: BNB/USDT:USDT:['LONG']
2026-08-25 00:46:19,661 - portfolio_wfo_bot - INFO - Balance: $4588.06 | Libre: $2639.08 | Posiciones: BNB/USDT:USDT:['LONG']
2026-08-25 00:46:54,391 - portfolio_wfo_bot - INFO - Balance: $4589.04 | Libre: $2639.96 | Posiciones: BNB/USDT:USDT:['LONG']
2026-08-25 00:47:29,159 - portfolio_wfo_bot - INFO - Balance: $4588.64 | Libre: $2639.60 | Posiciones: BNB/USDT:USDT:['LONG']
2026-08-25 00:48:03,851 - portfolio_wfo_bot - INFO - Balance: $4588.10 | Libre: $2639.11 | Posiciones: BNB/USDT:USDT:['LONG']
2026-08-25 00:48:38,561 - portfolio_wfo_bot - INFO - Balance: $4588.49 | Libre: $2639.46 | Posiciones: BNB/USDT:USDT:['LONG']
2026-08-25 00:49:13,286 - portfolio_wfo_bot - INFO - Balance: $4588.25 | Libre: $2639.25 | Posiciones: BNB/USDT:USDT:['LONG']
2026-08-25 00:49:48,162 - portfolio_wfo_bot - INFO - Balance: $4588.14 | Libre: $2639.15 | Posiciones: BNB/USDT:USDT:['LONG']
2026-08-25 00:50:22,879 - portfolio_wfo_bot - INFO - Balance: $4587.72 | Libre: $2638.77 | Posiciones: BNB/USDT:USDT:['LONG']
2026-08-25 00:50:57,679 - portfolio_wfo_bot - INFO - Balance: $4588.00 | Libre: $2639.02 | Posiciones: BNB/USDT:USDT:['LONG']
2026-08-25 00:51:32,395 - portfolio_wfo_bot - INFO - Balance: $4587.60 | Libre: $2638.66 | Posiciones: BNB/USDT:USDT:['LONG']
2026-08-25 00:52:07,146 - portfolio_wfo_bot - INFO - Balance: $4587.55 | Libre: $2638.62 | Posiciones: BNB/USDT:USDT:['LONG']
2026-08-25 00:52:41,796 - portfolio_wfo_bot - INFO - Balance: $4587.46 | Libre: $2638.54 | Posiciones: BNB/USDT:USDT:['LONG']
2026-08-25 00:53:16,490 - portfolio_wfo_bot - INFO - Balance: $4587.60 | Libre: $2638.66 | Posiciones: BNB/USDT:USDT:['LONG']
2026-08-25 00:53:51,289 - portfolio_wfo_bot - INFO - Balance: $4587.79 | Libre: $2638.83 | Posiciones: BNB/USDT:USDT:['LONG']
2026-08-25 00:54:26,033 - portfolio_wfo_bot - INFO - Balance: $4587.43 | Libre: $2638.51 | Posiciones: BNB/USDT:USDT:['LONG']
2026-08-25 00:55:00,785 - portfolio_wfo_bot - INFO - Balance: $4587.62 | Libre: $2638.68 | Posiciones: BNB/USDT:USDT:['LONG']
2026-08-25 00:55:35,480 - portfolio_wfo_bot - INFO - Balance: $4587.17 | Libre: $2638.28 | Posiciones: BNB/USDT:USDT:['LONG']
2026-08-25 00:56:10,160 - portfolio_wfo_bot - INFO - Balance: $4587.79 | Libre: $2638.83 | Posiciones: BNB/USDT:USDT:['LONG']
2026-08-25 00:56:44,900 - portfolio_wfo_bot - INFO - Balance: $4587.79 | Libre: $2638.83 | Posiciones: BNB/USDT:USDT:['LONG']
2026-08-25 00:57:19,614 - portfolio_wfo_bot - INFO - Balance: $4587.79 | Libre: $2638.83 | Posiciones: BNB/USDT:USDT:['LONG']
2026-08-25 00:57:54,289 - portfolio_wfo_bot - INFO - Balance: $4585.40 | Libre: $2636.68 | Posiciones: BNB/USDT:USDT:['LONG']
2026-08-25 00:58:28,996 - portfolio_wfo_bot - INFO - Balance: $4585.15 | Libre: $2636.46 | Posiciones: BNB/USDT:USDT:['LONG']
2026-08-25 00:59:03,685 - portfolio_wfo_bot - INFO - Balance: $4585.19 | Libre: $2636.49 | Posiciones: BNB/USDT:USDT:['LONG']
2026-08-25 00:59:38,456 - portfolio_wfo_bot - INFO - Balance: $4586.12 | Libre: $2637.33 | Posiciones: BNB/USDT:USDT:['LONG']
2026-08-25 01:00:13,105 - portfolio_wfo_bot - INFO - Balance: $4585.68 | Libre: $2636.94 | Posiciones: BNB/USDT:USDT:['LONG']
2026-08-25 01:00:47,807 - portfolio_wfo_bot - INFO - Balance: $4586.83 | Libre: $2637.97 | Posiciones: BNB/USDT:USDT:['LONG']
2026-08-25 01:01:22,489 - portfolio_wfo_bot - INFO - Balance: $4587.83 | Libre: $2638.87 | Posiciones: BNB/USDT:USDT:['LONG']
2026-08-25 01:01:57,272 - portfolio_wfo_bot - INFO - Balance: $4588.38 | Libre: $2638.90 | Posiciones: BNB/USDT:USDT:['LONG']
2026-08-25 01:02:32,164 - portfolio_wfo_bot - INFO - Balance: $4588.34 | Libre: $2638.97 | Posiciones: BNB/USDT:USDT:['LONG']
2026-08-25 01:03:07,032 - portfolio_wfo_bot - INFO - Balance: $4588.48 | Libre: $2639.10 | Posiciones: BNB/USDT:USDT:['LONG']
2026-08-25 01:03:41,956 - portfolio_wfo_bot - INFO - Balance: $4588.23 | Libre: $2639.23 | Posiciones: BNB/USDT:USDT:['LONG']
2026-08-25 01:04:16,808 - portfolio_wfo_bot - INFO - Balance: $4588.83 | Libre: $2639.23 | Posiciones: BNB/USDT:USDT:['LONG']
2026-08-25 01:04:51,699 - portfolio_wfo_bot - INFO - Balance: $4588.77 | Libre: $2639.28 | Posiciones: BNB/USDT:USDT:['LONG']
2026-08-25 01:05:26,617 - portfolio_wfo_bot - INFO - Balance: $4588.75 | Libre: $2639.45 | Posiciones: BNB/USDT:USDT:['LONG']
2026-08-25 01:06:01,481 - portfolio_wfo_bot - INFO - Balance: $4588.71 | Libre: $2639.51 | Posiciones: BNB/USDT:USDT:['LONG']
2026-08-25 01:06:36,335 - portfolio_wfo_bot - INFO - Balance: $4589.10 | Libre: $2640.01 | Posiciones: BNB/USDT:USDT:['LONG']
2026-08-25 01:07:11,147 - portfolio_wfo_bot - INFO - Balance: $4589.76 | Libre: $2640.61 | Posiciones: BNB/USDT:USDT:['LONG']
2026-08-25 01:07:46,059 - portfolio_wfo_bot - INFO - Balance: $4591.07 | Libre: $2641.79 | Posiciones: BNB/USDT:USDT:['LONG']
2026-08-25 01:08:20,869 - portfolio_wfo_bot - INFO - Balance: $4590.82 | Libre: $2641.56 | Posiciones: BNB/USDT:USDT:['LONG']
2026-08-25 01:08:55,681 - portfolio_wfo_bot - INFO - Balance: $4591.66 | Libre: $2642.32 | Posiciones: BNB/USDT:USDT:['LONG']
2026-08-25 01:09:30,492 - portfolio_wfo_bot - INFO - Balance: $4590.99 | Libre: $2641.72 | Posiciones: BNB/USDT:USDT:['LONG']
2026-08-25 01:10:05,339 - portfolio_wfo_bot - INFO - Balance: $4591.18 | Libre: $2641.86 | Posiciones: BNB/USDT:USDT:['LONG']
2026-08-25 01:10:40,174 - portfolio_wfo_bot - INFO - Balance: $4590.18 | Libre: $2640.99 | Posiciones: BNB/USDT:USDT:['LONG']
2026-08-25 01:11:14,918 - portfolio_wfo_bot - INFO - Balance: $4590.14 | Libre: $2640.95 | Posiciones: BNB/USDT:USDT:['LONG']
2026-08-25 01:11:49,714 - portfolio_wfo_bot - INFO - Balance: $4589.87 | Libre: $2640.71 | Posiciones: BNB/USDT:USDT:['LONG']
2026-08-25 01:11:54,401 - portfolio_wfo_bot - WARNING - [LINK/USDT] VETADO 4h por sangria neta sostenida: 2 trades, realizado=$-50.85, comision=$-5.43, neto=$-56.27 en las ultimas 6h
2026-08-25 01:12:30,798 - portfolio_wfo_bot - INFO - Balance: $4589.70 | Libre: $2640.56 | Posiciones: BNB/USDT:USDT:['LONG']
2026-08-25 01:13:05,527 - portfolio_wfo_bot - INFO - Balance: $4589.64 | Libre: $2640.50 | Posiciones: BNB/USDT:USDT:['LONG']
2026-08-25 01:13:40,269 - portfolio_wfo_bot - INFO - Balance: $4589.51 | Libre: $2640.38 | Posiciones: BNB/USDT:USDT:['LONG']
2026-08-25 01:14:14,977 - portfolio_wfo_bot - INFO - Balance: $4589.47 | Libre: $2640.35 | Posiciones: BNB/USDT:USDT:['LONG']
2026-08-25 01:14:49,726 - portfolio_wfo_bot - INFO - Balance: $4589.27 | Libre: $2640.17 | Posiciones: BNB/USDT:USDT:['LONG']
2026-08-25 01:15:24,439 - portfolio_wfo_bot - INFO - Balance: $4589.45 | Libre: $2640.33 | Posiciones: BNB/USDT:USDT:['LONG']
2026-08-25 01:15:59,139 - portfolio_wfo_bot - INFO - Balance: $4589.46 | Libre: $2640.34 | Posiciones: BNB/USDT:USDT:['LONG']
2026-08-25 01:16:33,854 - portfolio_wfo_bot - INFO - Balance: $4589.79 | Libre: $2640.63 | Posiciones: BNB/USDT:USDT:['LONG']
2026-08-25 01:17:08,576 - portfolio_wfo_bot - INFO - Balance: $4589.52 | Libre: $2640.39 | Posiciones: BNB/USDT:USDT:['LONG']
2026-08-25 01:17:43,426 - portfolio_wfo_bot - INFO - Balance: $4588.91 | Libre: $2639.84 | Posiciones: BNB/USDT:USDT:['LONG']
2026-08-25 01:18:18,137 - portfolio_wfo_bot - INFO - Balance: $4587.79 | Libre: $2638.83 | Posiciones: BNB/USDT:USDT:['LONG']
2026-08-25 01:18:53,050 - portfolio_wfo_bot - INFO - Balance: $4587.44 | Libre: $2638.52 | Posiciones: BNB/USDT:USDT:['LONG']
2026-08-25 01:19:27,915 - portfolio_wfo_bot - INFO - Balance: $4586.64 | Libre: $2637.76 | Posiciones: BNB/USDT:USDT:['LONG']
2026-08-25 01:20:02,658 - portfolio_wfo_bot - INFO - Balance: $4586.24 | Libre: $2637.44 | Posiciones: BNB/USDT:USDT:['LONG']
2026-08-25 01:20:37,355 - portfolio_wfo_bot - INFO - Balance: $4586.42 | Libre: $2637.60 | Posiciones: BNB/USDT:USDT:['LONG']
2026-08-25 01:21:12,112 - portfolio_wfo_bot - INFO - Balance: $4586.18 | Libre: $2637.39 | Posiciones: BNB/USDT:USDT:['LONG']
2026-08-25 01:21:46,871 - portfolio_wfo_bot - INFO - Balance: $4586.27 | Libre: $2637.41 | Posiciones: BNB/USDT:USDT:['LONG']
2026-08-25 01:22:21,542 - portfolio_wfo_bot - INFO - Balance: $4586.40 | Libre: $2637.58 | Posiciones: BNB/USDT:USDT:['LONG']
2026-08-25 01:22:56,192 - portfolio_wfo_bot - INFO - Balance: $4586.21 | Libre: $2637.41 | Posiciones: BNB/USDT:USDT:['LONG']
2026-08-25 01:23:30,939 - portfolio_wfo_bot - INFO - Balance: $4586.54 | Libre: $2637.71 | Posiciones: BNB/USDT:USDT:['LONG']
2026-08-25 01:24:05,649 - portfolio_wfo_bot - INFO - Balance: $4586.14 | Libre: $2637.35 | Posiciones: BNB/USDT:USDT:['LONG']
2026-08-25 01:24:40,346 - portfolio_wfo_bot - INFO - Balance: $4586.40 | Libre: $2637.58 | Posiciones: BNB/USDT:USDT:['LONG']
2026-08-25 01:25:15,101 - portfolio_wfo_bot - INFO - Balance: $4586.11 | Libre: $2637.33 | Posiciones: BNB/USDT:USDT:['LONG']
2026-08-25 01:25:49,809 - portfolio_wfo_bot - INFO - Balance: $4585.77 | Libre: $2637.01 | Posiciones: BNB/USDT:USDT:['LONG']
2026-08-25 01:26:24,597 - portfolio_wfo_bot - INFO - Balance: $4586.21 | Libre: $2637.41 | Posiciones: BNB/USDT:USDT:['LONG']
2026-08-25 01:26:59,323 - portfolio_wfo_bot - INFO - Balance: $4585.82 | Libre: $2637.06 | Posiciones: BNB/USDT:USDT:['LONG']
2026-08-25 01:27:34,025 - portfolio_wfo_bot - INFO - Balance: $4586.21 | Libre: $2637.41 | Posiciones: BNB/USDT:USDT:['LONG']
2026-08-25 01:28:08,747 - portfolio_wfo_bot - INFO - Balance: $4586.17 | Libre: $2637.31 | Posiciones: BNB/USDT:USDT:['LONG']
2026-08-25 01:28:43,420 - portfolio_wfo_bot - INFO - Balance: $4585.02 | Libre: $2636.34 | Posiciones: BNB/USDT:USDT:['LONG']
2026-08-25 01:29:18,309 - portfolio_wfo_bot - INFO - Balance: $4585.27 | Libre: $2636.57 | Posiciones: BNB/USDT:USDT:['LONG']
2026-08-25 01:29:52,978 - portfolio_wfo_bot - INFO - Balance: $4584.79 | Libre: $2636.13 | Posiciones: BNB/USDT:USDT:['LONG']
2026-08-25 01:30:27,677 - portfolio_wfo_bot - INFO - Balance: $4583.72 | Libre: $2635.17 | Posiciones: BNB/USDT:USDT:['LONG']
2026-08-25 01:31:02,622 - portfolio_wfo_bot - INFO - Balance: $4583.75 | Libre: $2635.20 | Posiciones: BNB/USDT:USDT:['LONG']
2026-08-25 01:31:37,475 - portfolio_wfo_bot - INFO - Balance: $4585.05 | Libre: $2636.37 | Posiciones: BNB/USDT:USDT:['LONG']
2026-08-25 01:32:12,202 - portfolio_wfo_bot - INFO - Balance: $4584.67 | Libre: $2636.03 | Posiciones: BNB/USDT:USDT:['LONG']
2026-08-25 01:32:47,177 - portfolio_wfo_bot - INFO - Balance: $4584.48 | Libre: $2635.85 | Posiciones: BNB/USDT:USDT:['LONG']
2026-08-25 01:33:22,062 - portfolio_wfo_bot - INFO - Balance: $4583.71 | Libre: $2635.16 | Posiciones: BNB/USDT:USDT:['LONG']
2026-08-25 01:33:56,769 - portfolio_wfo_bot - INFO - Balance: $4584.67 | Libre: $2636.03 | Posiciones: BNB/USDT:USDT:['LONG']
2026-08-25 01:34:31,475 - portfolio_wfo_bot - INFO - Balance: $4584.67 | Libre: $2636.03 | Posiciones: BNB/USDT:USDT:['LONG']
2026-08-25 01:35:06,167 - portfolio_wfo_bot - INFO - Balance: $4585.11 | Libre: $2636.42 | Posiciones: BNB/USDT:USDT:['LONG']
2026-08-25 01:35:40,816 - portfolio_wfo_bot - INFO - Balance: $4584.39 | Libre: $2635.77 | Posiciones: BNB/USDT:USDT:['LONG']
2026-08-25 01:36:15,520 - portfolio_wfo_bot - INFO - Balance: $4584.67 | Libre: $2636.03 | Posiciones: BNB/USDT:USDT:['LONG']
2026-08-25 01:36:50,192 - portfolio_wfo_bot - INFO - Balance: $4584.67 | Libre: $2636.03 | Posiciones: BNB/USDT:USDT:['LONG']
2026-08-25 01:37:24,895 - portfolio_wfo_bot - INFO - Balance: $4584.63 | Libre: $2635.99 | Posiciones: BNB/USDT:USDT:['LONG']
2026-08-25 01:37:59,604 - portfolio_wfo_bot - INFO - Balance: $4584.38 | Libre: $2635.77 | Posiciones: BNB/USDT:USDT:['LONG']
2026-08-25 01:38:41,095 - portfolio_wfo_bot - INFO - [BNB/USDT] Entrada LONG colocada @ 708.66 (SL 705.36, TP 719.18, amt 2.73)
2026-08-25 01:38:41,448 - portfolio_wfo_bot - INFO - Balance: $4581.25 | Libre: $2587.27 | Posiciones: ninguna
2026-08-25 01:39:16,110 - portfolio_wfo_bot - INFO - Balance: $4581.25 | Libre: $2587.27 | Posiciones: ninguna
2026-08-25 01:39:50,807 - portfolio_wfo_bot - INFO - Balance: $4581.25 | Libre: $2587.27 | Posiciones: ninguna
2026-08-25 01:40:25,465 - portfolio_wfo_bot - INFO - Balance: $4581.25 | Libre: $2587.27 | Posiciones: ninguna
2026-08-25 01:41:00,140 - portfolio_wfo_bot - INFO - Balance: $4581.25 | Libre: $2587.27 | Posiciones: ninguna
2026-08-25 01:41:35,672 - portfolio_wfo_bot - INFO - Balance: $4581.25 | Libre: $2587.27 | Posiciones: ninguna
2026-08-25 01:41:57,620 - portfolio_wfo_bot - WARNING - [LINK/USDT] VETADO 4h por sangria neta sostenida: 2 trades, realizado=$-50.85, comision=$-5.43, neto=$-56.27 en las ultimas 6h
2026-08-25 01:42:21,587 - portfolio_wfo_bot - INFO - Balance: $4581.25 | Libre: $2587.27 | Posiciones: ninguna
2026-08-25 01:42:56,472 - portfolio_wfo_bot - INFO - Balance: $4581.25 | Libre: $2587.27 | Posiciones: ninguna
2026-08-25 01:43:31,376 - portfolio_wfo_bot - INFO - Balance: $4581.25 | Libre: $2587.27 | Posiciones: ninguna
2026-08-25 01:44:06,269 - portfolio_wfo_bot - INFO - Balance: $4581.25 | Libre: $2587.27 | Posiciones: ninguna
2026-08-25 01:44:41,334 - portfolio_wfo_bot - INFO - Balance: $4581.25 | Libre: $2587.27 | Posiciones: ninguna
2026-08-25 01:45:16,268 - portfolio_wfo_bot - INFO - Balance: $4581.25 | Libre: $2587.27 | Posiciones: ninguna
2026-08-25 01:45:51,134 - portfolio_wfo_bot - INFO - Balance: $4581.25 | Libre: $2587.27 | Posiciones: ninguna
2026-08-25 01:46:26,300 - portfolio_wfo_bot - INFO - Balance: $4581.25 | Libre: $2587.27 | Posiciones: ninguna
2026-08-25 01:47:01,368 - portfolio_wfo_bot - INFO - Balance: $4581.25 | Libre: $2587.27 | Posiciones: ninguna
2026-08-25 01:47:36,479 - portfolio_wfo_bot - INFO - Balance: $4581.25 | Libre: $2587.27 | Posiciones: ninguna
2026-08-25 01:48:11,352 - portfolio_wfo_bot - INFO - Balance: $4581.25 | Libre: $2587.27 | Posiciones: ninguna
2026-08-25 01:48:46,222 - portfolio_wfo_bot - INFO - Balance: $4581.25 | Libre: $2587.27 | Posiciones: ninguna
2026-08-25 01:49:21,108 - portfolio_wfo_bot - INFO - Balance: $4581.25 | Libre: $2587.27 | Posiciones: ninguna
2026-08-25 01:49:57,628 - portfolio_wfo_bot - INFO - Balance: $4558.75 | Libre: $2561.79 | Posiciones: LINK/USDT:USDT:['LONG']
2026-08-25 01:50:32,472 - portfolio_wfo_bot - INFO - Balance: $4571.32 | Libre: $2578.23 | Posiciones: LINK/USDT:USDT:['LONG']
2026-08-25 01:51:10,958 - portfolio_wfo_bot - INFO - Balance: $4533.44 | Libre: $3082.94 | Posiciones: BNB/USDT:USDT:['LONG']
2026-08-25 01:51:43,186 - portfolio_wfo_bot - INFO - Conectado a BINANCE DEMO TRADING (testnet)
2026-08-25 01:51:45,791 - portfolio_wfo_bot - INFO - Balance: $4533.19 | Libre: $3082.66 | Posiciones: BNB/USDT:USDT:['LONG']
2026-08-25 01:52:20,401 - portfolio_wfo_bot - INFO - Balance: $4533.11 | Libre: $3082.64 | Posiciones: BNB/USDT:USDT:['LONG']
2026-08-25 01:52:55,365 - portfolio_wfo_bot - INFO - Balance: $4535.23 | Libre: $3082.40 | Posiciones: BNB/USDT:USDT:['LONG']
2026-08-25 01:53:28,541 - portfolio_wfo_bot - INFO - [ETH/USDT] Posicion LONG preexistente @ 2484.17 -> SL/TP recalculados: SL 2457.75, TP 2512.47
2026-08-25 01:53:33,022 - portfolio_wfo_bot - INFO - Balance: $4530.77 | Libre: $3080.48 | Posiciones: BNB/USDT:USDT:['LONG'], ETH/USDT:USDT:['LONG']
2026-08-25 01:54:07,878 - portfolio_wfo_bot - INFO - Balance: $4535.61 | Libre: $3078.61 | Posiciones: BNB/USDT:USDT:['LONG'], ETH/USDT:USDT:['LONG']
2026-08-25 01:54:42,614 - portfolio_wfo_bot - INFO - Balance: $4531.57 | Libre: $3080.01 | Posiciones: BNB/USDT:USDT:['LONG'], ETH/USDT:USDT:['LONG']
2026-08-25 01:55:17,427 - portfolio_wfo_bot - INFO - Balance: $4530.18 | Libre: $3079.94 | Posiciones: BNB/USDT:USDT:['LONG'], ETH/USDT:USDT:['LONG']
2026-08-25 01:55:52,161 - portfolio_wfo_bot - INFO - Balance: $4528.30 | Libre: $3076.77 | Posiciones: BNB/USDT:USDT:['LONG'], ETH/USDT:USDT:['LONG']
2026-08-25 01:56:26,973 - portfolio_wfo_bot - INFO - Balance: $4529.44 | Libre: $3076.77 | Posiciones: BNB/USDT:USDT:['LONG'], ETH/USDT:USDT:['LONG']
2026-08-25 01:57:01,865 - portfolio_wfo_bot - INFO - Balance: $4530.47 | Libre: $3080.19 | Posiciones: BNB/USDT:USDT:['LONG'], ETH/USDT:USDT:['LONG']
2026-08-25 01:57:36,760 - portfolio_wfo_bot - INFO - Balance: $4533.80 | Libre: $3083.20 | Posiciones: BNB/USDT:USDT:['LONG'], ETH/USDT:USDT:['LONG']
2026-08-25 01:58:11,632 - portfolio_wfo_bot - INFO - Balance: $4530.63 | Libre: $3080.34 | Posiciones: BNB/USDT:USDT:['LONG'], ETH/USDT:USDT:['LONG']
2026-08-25 01:58:46,522 - portfolio_wfo_bot - INFO - Balance: $4528.27 | Libre: $3078.22 | Posiciones: BNB/USDT:USDT:['LONG'], ETH/USDT:USDT:['LONG']
2026-08-25 01:59:21,439 - portfolio_wfo_bot - INFO - Balance: $4526.84 | Libre: $3076.94 | Posiciones: BNB/USDT:USDT:['LONG'], ETH/USDT:USDT:['LONG']
2026-08-25 01:59:56,358 - portfolio_wfo_bot - INFO - Balance: $4525.51 | Libre: $3075.74 | Posiciones: BNB/USDT:USDT:['LONG'], ETH/USDT:USDT:['LONG']
2026-08-25 02:00:31,329 - portfolio_wfo_bot - INFO - Balance: $4527.78 | Libre: $3076.45 | Posiciones: BNB/USDT:USDT:['LONG'], ETH/USDT:USDT:['LONG']
2026-08-25 02:01:06,309 - portfolio_wfo_bot - INFO - Balance: $4525.05 | Libre: $3074.49 | Posiciones: BNB/USDT:USDT:['LONG'], ETH/USDT:USDT:['LONG']
2026-08-25 02:01:41,234 - portfolio_wfo_bot - INFO - Balance: $4521.12 | Libre: $3071.71 | Posiciones: BNB/USDT:USDT:['LONG'], ETH/USDT:USDT:['LONG']
2026-08-25 02:02:16,071 - portfolio_wfo_bot - INFO - Balance: $4527.47 | Libre: $3074.49 | Posiciones: BNB/USDT:USDT:['LONG'], ETH/USDT:USDT:['LONG']
2026-08-25 02:02:49,320 - portfolio_wfo_bot - INFO - [SOL/USDT] Posicion LONG preexistente @ 100.07000000000001 -> SL/TP recalculados: SL 99.11, TP 101.0
2026-08-25 02:02:57,339 - portfolio_wfo_bot - INFO - Balance: $4527.79 | Libre: $3076.37 | Posiciones: BNB/USDT:USDT:['LONG'], ETH/USDT:USDT:['LONG'], SOL/USDT:USDT:['LONG']
2026-08-25 02:03:32,076 - portfolio_wfo_bot - INFO - Balance: $4524.62 | Libre: $3073.89 | Posiciones: BNB/USDT:USDT:['LONG'], ETH/USDT:USDT:['LONG'], SOL/USDT:USDT:['LONG']
2026-08-25 02:04:06,790 - portfolio_wfo_bot - INFO - Balance: $4527.52 | Libre: $3077.05 | Posiciones: BNB/USDT:USDT:['LONG'], ETH/USDT:USDT:['LONG'], SOL/USDT:USDT:['LONG']
2026-08-25 02:04:41,524 - portfolio_wfo_bot - INFO - Balance: $4526.83 | Libre: $3076.62 | Posiciones: BNB/USDT:USDT:['LONG'], ETH/USDT:USDT:['LONG'], SOL/USDT:USDT:['LONG']
2026-08-25 02:05:16,292 - portfolio_wfo_bot - INFO - Balance: $4527.24 | Libre: $3076.93 | Posiciones: BNB/USDT:USDT:['LONG'], ETH/USDT:USDT:['LONG'], SOL/USDT:USDT:['LONG']
2026-08-25 02:05:51,011 - portfolio_wfo_bot - INFO - Balance: $4524.89 | Libre: $3074.57 | Posiciones: BNB/USDT:USDT:['LONG'], ETH/USDT:USDT:['LONG'], SOL/USDT:USDT:['LONG']
2026-08-25 02:06:25,787 - portfolio_wfo_bot - INFO - Balance: $4527.14 | Libre: $3075.13 | Posiciones: BNB/USDT:USDT:['LONG'], ETH/USDT:USDT:['LONG'], SOL/USDT:USDT:['LONG']
2026-08-25 02:07:00,520 - portfolio_wfo_bot - INFO - Balance: $4526.13 | Libre: $3076.13 | Posiciones: BNB/USDT:USDT:['LONG'], ETH/USDT:USDT:['LONG'], SOL/USDT:USDT:['LONG']
2026-08-25 02:07:35,264 - portfolio_wfo_bot - INFO - Balance: $4524.87 | Libre: $3074.82 | Posiciones: BNB/USDT:USDT:['LONG'], ETH/USDT:USDT:['LONG'], SOL/USDT:USDT:['LONG']
2026-08-25 02:08:09,974 - portfolio_wfo_bot - INFO - Balance: $4525.33 | Libre: $3075.40 | Posiciones: BNB/USDT:USDT:['LONG'], ETH/USDT:USDT:['LONG'], SOL/USDT:USDT:['LONG']
2026-08-25 02:08:44,753 - portfolio_wfo_bot - INFO - Balance: $4523.69 | Libre: $3073.82 | Posiciones: BNB/USDT:USDT:['LONG'], ETH/USDT:USDT:['LONG'], SOL/USDT:USDT:['LONG']
2026-08-25 02:09:19,527 - portfolio_wfo_bot - INFO - Balance: $4525.38 | Libre: $3075.53 | Posiciones: BNB/USDT:USDT:['LONG'], ETH/USDT:USDT:['LONG'], SOL/USDT:USDT:['LONG']
2026-08-25 02:09:54,270 - portfolio_wfo_bot - INFO - Balance: $4525.99 | Libre: $3075.82 | Posiciones: BNB/USDT:USDT:['LONG'], ETH/USDT:USDT:['LONG'], SOL/USDT:USDT:['LONG']
2026-08-25 02:10:29,079 - portfolio_wfo_bot - INFO - Balance: $4525.61 | Libre: $3075.74 | Posiciones: BNB/USDT:USDT:['LONG'], ETH/USDT:USDT:['LONG'], SOL/USDT:USDT:['LONG']
2026-08-25 02:11:03,768 - portfolio_wfo_bot - INFO - Balance: $4525.26 | Libre: $3075.42 | Posiciones: BNB/USDT:USDT:['LONG'], ETH/USDT:USDT:['LONG'], SOL/USDT:USDT:['LONG']
2026-08-25 02:11:38,496 - portfolio_wfo_bot - INFO - Balance: $4525.15 | Libre: $3075.33 | Posiciones: BNB/USDT:USDT:['LONG'], ETH/USDT:USDT:['LONG'], SOL/USDT:USDT:['LONG']
2026-08-25 02:12:00,357 - portfolio_wfo_bot - WARNING - [LINK/USDT] VETADO 4h por sangria neta sostenida: 3 trades, realizado=$-91.81, comision=$-8.67, neto=$-100.48 en las ultimas 6h
2026-08-25 02:12:19,419 - portfolio_wfo_bot - INFO - Balance: $4527.87 | Libre: $3076.57 | Posiciones: BNB/USDT:USDT:['LONG'], ETH/USDT:USDT:['LONG'], SOL/USDT:USDT:['LONG']
2026-08-25 02:12:54,213 - portfolio_wfo_bot - INFO - Balance: $4530.80 | Libre: $3077.95 | Posiciones: BNB/USDT:USDT:['LONG'], ETH/USDT:USDT:['LONG'], SOL/USDT:USDT:['LONG']
2026-08-25 02:13:29,141 - portfolio_wfo_bot - INFO - Balance: $4531.83 | Libre: $3081.34 | Posiciones: BNB/USDT:USDT:['LONG'], ETH/USDT:USDT:['LONG'], SOL/USDT:USDT:['LONG']
2026-08-25 02:14:03,874 - portfolio_wfo_bot - INFO - Balance: $4531.31 | Libre: $3080.45 | Posiciones: BNB/USDT:USDT:['LONG'], ETH/USDT:USDT:['LONG'], SOL/USDT:USDT:['LONG']
2026-08-25 02:14:38,633 - portfolio_wfo_bot - INFO - Balance: $4532.47 | Libre: $3081.45 | Posiciones: BNB/USDT:USDT:['LONG'], ETH/USDT:USDT:['LONG'], SOL/USDT:USDT:['LONG']
2026-08-25 02:15:13,398 - portfolio_wfo_bot - INFO - Balance: $4531.97 | Libre: $3081.47 | Posiciones: BNB/USDT:USDT:['LONG'], ETH/USDT:USDT:['LONG'], SOL/USDT:USDT:['LONG']
2026-08-25 02:15:48,168 - portfolio_wfo_bot - INFO - Balance: $4535.34 | Libre: $3082.39 | Posiciones: BNB/USDT:USDT:['LONG'], ETH/USDT:USDT:['LONG'], SOL/USDT:USDT:['LONG']
2026-08-25 02:16:22,980 - portfolio_wfo_bot - INFO - Balance: $4534.66 | Libre: $3083.03 | Posiciones: BNB/USDT:USDT:['LONG'], ETH/USDT:USDT:['LONG'], SOL/USDT:USDT:['LONG']
2026-08-25 02:16:57,856 - portfolio_wfo_bot - INFO - Balance: $4536.09 | Libre: $3084.49 | Posiciones: BNB/USDT:USDT:['LONG'], ETH/USDT:USDT:['LONG'], SOL/USDT:USDT:['LONG']
2026-08-25 02:17:32,782 - portfolio_wfo_bot - INFO - Balance: $4540.85 | Libre: $3089.33 | Posiciones: BNB/USDT:USDT:['LONG'], ETH/USDT:USDT:['LONG'], SOL/USDT:USDT:['LONG']
2026-08-25 02:18:07,667 - portfolio_wfo_bot - INFO - Balance: $4540.48 | Libre: $3089.12 | Posiciones: BNB/USDT:USDT:['LONG'], ETH/USDT:USDT:['LONG'], SOL/USDT:USDT:['LONG']
2026-08-25 02:18:42,509 - portfolio_wfo_bot - INFO - Balance: $4540.07 | Libre: $3088.67 | Posiciones: BNB/USDT:USDT:['LONG'], ETH/USDT:USDT:['LONG'], SOL/USDT:USDT:['LONG']
2026-08-25 02:19:17,363 - portfolio_wfo_bot - INFO - Balance: $4539.65 | Libre: $3087.83 | Posiciones: BNB/USDT:USDT:['LONG'], ETH/USDT:USDT:['LONG'], SOL/USDT:USDT:['LONG']
2026-08-25 02:19:52,176 - portfolio_wfo_bot - INFO - Balance: $4537.91 | Libre: $3085.23 | Posiciones: BNB/USDT:USDT:['LONG'], ETH/USDT:USDT:['LONG'], SOL/USDT:USDT:['LONG']
2026-08-25 02:20:26,998 - portfolio_wfo_bot - INFO - Balance: $4538.46 | Libre: $3086.30 | Posiciones: BNB/USDT:USDT:['LONG'], ETH/USDT:USDT:['LONG'], SOL/USDT:USDT:['LONG']
2026-08-25 02:21:01,794 - portfolio_wfo_bot - INFO - Balance: $4540.25 | Libre: $3087.52 | Posiciones: BNB/USDT:USDT:['LONG'], ETH/USDT:USDT:['LONG'], SOL/USDT:USDT:['LONG']
2026-08-25 02:21:36,582 - portfolio_wfo_bot - INFO - Balance: $4539.42 | Libre: $3088.17 | Posiciones: BNB/USDT:USDT:['LONG'], ETH/USDT:USDT:['LONG'], SOL/USDT:USDT:['LONG']
2026-08-25 02:22:11,308 - portfolio_wfo_bot - INFO - Balance: $4541.84 | Libre: $3089.73 | Posiciones: BNB/USDT:USDT:['LONG'], ETH/USDT:USDT:['LONG'], SOL/USDT:USDT:['LONG']
2026-08-25 02:22:46,323 - portfolio_wfo_bot - INFO - Balance: $4543.54 | Libre: $3091.23 | Posiciones: BNB/USDT:USDT:['LONG'], ETH/USDT:USDT:['LONG'], SOL/USDT:USDT:['LONG']
2026-08-25 02:23:21,060 - portfolio_wfo_bot - INFO - Balance: $4542.44 | Libre: $3090.88 | Posiciones: BNB/USDT:USDT:['LONG'], ETH/USDT:USDT:['LONG'], SOL/USDT:USDT:['LONG']
2026-08-25 02:23:55,784 - portfolio_wfo_bot - INFO - Balance: $4552.38 | Libre: $3091.28 | Posiciones: BNB/USDT:USDT:['LONG'], ETH/USDT:USDT:['LONG'], SOL/USDT:USDT:['LONG']
2026-08-25 02:24:30,539 - portfolio_wfo_bot - INFO - Balance: $4544.58 | Libre: $3092.06 | Posiciones: BNB/USDT:USDT:['LONG'], ETH/USDT:USDT:['LONG'], SOL/USDT:USDT:['LONG']
2026-08-25 02:25:05,328 - portfolio_wfo_bot - INFO - Balance: $4545.99 | Libre: $3090.71 | Posiciones: BNB/USDT:USDT:['LONG'], ETH/USDT:USDT:['LONG'], SOL/USDT:USDT:['LONG']
2026-08-25 02:25:40,141 - portfolio_wfo_bot - INFO - Balance: $4547.38 | Libre: $3091.21 | Posiciones: BNB/USDT:USDT:['LONG'], ETH/USDT:USDT:['LONG'], SOL/USDT:USDT:['LONG']
2026-08-25 02:26:14,912 - portfolio_wfo_bot - INFO - Balance: $4544.81 | Libre: $3093.02 | Posiciones: BNB/USDT:USDT:['LONG'], ETH/USDT:USDT:['LONG'], SOL/USDT:USDT:['LONG']
2026-08-25 02:26:49,771 - portfolio_wfo_bot - INFO - Balance: $4544.54 | Libre: $3092.78 | Posiciones: BNB/USDT:USDT:['LONG'], ETH/USDT:USDT:['LONG'], SOL/USDT:USDT:['LONG']
2026-08-25 02:27:24,685 - portfolio_wfo_bot - INFO - Balance: $4544.60 | Libre: $3092.50 | Posiciones: BNB/USDT:USDT:['LONG'], ETH/USDT:USDT:['LONG'], SOL/USDT:USDT:['LONG']
2026-08-25 02:27:59,610 - portfolio_wfo_bot - INFO - Balance: $4552.67 | Libre: $3099.99 | Posiciones: BNB/USDT:USDT:['LONG'], ETH/USDT:USDT:['LONG'], SOL/USDT:USDT:['LONG']
2026-08-25 02:28:34,490 - portfolio_wfo_bot - INFO - Balance: $4552.72 | Libre: $3100.02 | Posiciones: BNB/USDT:USDT:['LONG'], ETH/USDT:USDT:['LONG'], SOL/USDT:USDT:['LONG']
2026-08-25 02:29:09,696 - portfolio_wfo_bot - INFO - Balance: $4552.37 | Libre: $3099.82 | Posiciones: BNB/USDT:USDT:['LONG'], ETH/USDT:USDT:['LONG'], SOL/USDT:USDT:['LONG']
2026-08-25 02:29:44,654 - portfolio_wfo_bot - INFO - Balance: $4552.02 | Libre: $3099.51 | Posiciones: BNB/USDT:USDT:['LONG'], ETH/USDT:USDT:['LONG'], SOL/USDT:USDT:['LONG']
2026-08-25 02:30:19,523 - portfolio_wfo_bot - INFO - Balance: $4554.64 | Libre: $3099.24 | Posiciones: BNB/USDT:USDT:['LONG'], ETH/USDT:USDT:['LONG'], SOL/USDT:USDT:['LONG']
2026-08-25 02:30:56,464 - portfolio_wfo_bot - INFO - Balance: $4555.18 | Libre: $3194.75 | Posiciones: BNB/USDT:USDT:['LONG'], ETH/USDT:USDT:['LONG']
2026-08-25 02:31:12,815 - portfolio_wfo_bot - INFO - [SOL/USDT] Entrada LONG colocada @ 99.86 (SL 98.92, TP 100.78, amt 17.68)
2026-08-25 02:31:31,601 - portfolio_wfo_bot - INFO - Balance: $4553.79 | Libre: $3016.95 | Posiciones: BNB/USDT:USDT:['LONG'], ETH/USDT:USDT:['LONG']
2026-08-25 02:32:06,418 - portfolio_wfo_bot - INFO - Balance: $4554.46 | Libre: $3017.38 | Posiciones: BNB/USDT:USDT:['LONG'], ETH/USDT:USDT:['LONG']
2026-08-25 02:32:41,269 - portfolio_wfo_bot - INFO - Balance: $4554.28 | Libre: $3017.39 | Posiciones: BNB/USDT:USDT:['LONG'], ETH/USDT:USDT:['LONG']
2026-08-25 02:33:16,124 - portfolio_wfo_bot - INFO - Balance: $4551.96 | Libre: $3015.28 | Posiciones: BNB/USDT:USDT:['LONG'], ETH/USDT:USDT:['LONG']
2026-08-25 02:33:51,136 - portfolio_wfo_bot - INFO - Balance: $4550.97 | Libre: $3013.58 | Posiciones: BNB/USDT:USDT:['LONG'], ETH/USDT:USDT:['LONG']
2026-08-25 02:34:25,976 - portfolio_wfo_bot - INFO - Balance: $4550.76 | Libre: $3013.16 | Posiciones: BNB/USDT:USDT:['LONG'], ETH/USDT:USDT:['LONG']
2026-08-25 02:35:00,851 - portfolio_wfo_bot - INFO - Balance: $4552.33 | Libre: $3012.54 | Posiciones: BNB/USDT:USDT:['LONG'], ETH/USDT:USDT:['LONG']
2026-08-25 02:35:35,783 - portfolio_wfo_bot - INFO - Balance: $4550.02 | Libre: $3012.82 | Posiciones: BNB/USDT:USDT:['LONG'], ETH/USDT:USDT:['LONG']
2026-08-25 02:36:10,628 - portfolio_wfo_bot - INFO - Balance: $4549.84 | Libre: $3013.37 | Posiciones: BNB/USDT:USDT:['LONG'], ETH/USDT:USDT:['LONG']
2026-08-25 02:36:45,488 - portfolio_wfo_bot - INFO - Balance: $4549.56 | Libre: $3012.75 | Posiciones: BNB/USDT:USDT:['LONG'], ETH/USDT:USDT:['LONG']
2026-08-25 02:37:20,275 - portfolio_wfo_bot - INFO - Balance: $4549.37 | Libre: $3012.97 | Posiciones: BNB/USDT:USDT:['LONG'], ETH/USDT:USDT:['LONG']
2026-08-25 02:37:55,129 - portfolio_wfo_bot - INFO - Balance: $4550.10 | Libre: $3013.62 | Posiciones: BNB/USDT:USDT:['LONG'], ETH/USDT:USDT:['LONG']
2026-08-25 02:38:29,927 - portfolio_wfo_bot - INFO - Balance: $4549.62 | Libre: $3013.20 | Posiciones: BNB/USDT:USDT:['LONG'], ETH/USDT:USDT:['LONG']
2026-08-25 02:39:04,713 - portfolio_wfo_bot - INFO - Balance: $4547.66 | Libre: $3011.43 | Posiciones: BNB/USDT:USDT:['LONG'], ETH/USDT:USDT:['LONG']
2026-08-25 02:39:39,461 - portfolio_wfo_bot - INFO - Balance: $4546.73 | Libre: $3008.64 | Posiciones: BNB/USDT:USDT:['LONG'], ETH/USDT:USDT:['LONG']
2026-08-25 02:40:14,301 - portfolio_wfo_bot - INFO - Balance: $4543.91 | Libre: $3007.50 | Posiciones: BNB/USDT:USDT:['LONG'], ETH/USDT:USDT:['LONG']
2026-08-25 02:40:49,006 - portfolio_wfo_bot - INFO - Balance: $4543.90 | Libre: $3007.33 | Posiciones: BNB/USDT:USDT:['LONG'], ETH/USDT:USDT:['LONG']
2026-08-25 02:41:24,367 - portfolio_wfo_bot - INFO - Balance: $4541.82 | Libre: $3006.18 | Posiciones: BNB/USDT:USDT:['LONG'], ETH/USDT:USDT:['LONG']
2026-08-25 02:41:59,080 - portfolio_wfo_bot - INFO - Balance: $4543.85 | Libre: $3006.32 | Posiciones: BNB/USDT:USDT:['LONG'], ETH/USDT:USDT:['LONG']
2026-08-25 02:42:40,242 - portfolio_wfo_bot - INFO - Balance: $4542.28 | Libre: $3006.59 | Posiciones: BNB/USDT:USDT:['LONG'], ETH/USDT:USDT:['LONG']
2026-08-25 02:43:14,944 - portfolio_wfo_bot - INFO - Balance: $4542.45 | Libre: $3006.46 | Posiciones: BNB/USDT:USDT:['LONG'], ETH/USDT:USDT:['LONG']
2026-08-25 02:43:49,774 - portfolio_wfo_bot - INFO - Balance: $4543.20 | Libre: $3006.20 | Posiciones: BNB/USDT:USDT:['LONG'], ETH/USDT:USDT:['LONG']
2026-08-25 02:44:24,510 - portfolio_wfo_bot - INFO - Balance: $4544.93 | Libre: $3008.54 | Posiciones: BNB/USDT:USDT:['LONG'], ETH/USDT:USDT:['LONG']
2026-08-25 02:44:59,429 - portfolio_wfo_bot - INFO - Balance: $4544.52 | Libre: $3008.60 | Posiciones: BNB/USDT:USDT:['LONG'], ETH/USDT:USDT:['LONG']
2026-08-25 02:45:34,367 - portfolio_wfo_bot - INFO - Balance: $4542.83 | Libre: $3007.08 | Posiciones: BNB/USDT:USDT:['LONG'], ETH/USDT:USDT:['LONG']
2026-08-25 02:46:09,269 - portfolio_wfo_bot - INFO - Balance: $4540.22 | Libre: $3004.73 | Posiciones: BNB/USDT:USDT:['LONG'], ETH/USDT:USDT:['LONG']
2026-08-25 02:46:44,114 - portfolio_wfo_bot - INFO - Balance: $4540.90 | Libre: $3005.01 | Posiciones: BNB/USDT:USDT:['LONG'], ETH/USDT:USDT:['LONG']
2026-08-25 02:47:18,966 - portfolio_wfo_bot - INFO - Balance: $4540.17 | Libre: $3004.69 | Posiciones: BNB/USDT:USDT:['LONG'], ETH/USDT:USDT:['LONG']
2026-08-25 02:47:53,802 - portfolio_wfo_bot - INFO - Balance: $4539.81 | Libre: $3004.36 | Posiciones: BNB/USDT:USDT:['LONG'], ETH/USDT:USDT:['LONG']
2026-08-25 02:48:28,694 - portfolio_wfo_bot - INFO - Balance: $4539.97 | Libre: $3004.45 | Posiciones: BNB/USDT:USDT:['LONG'], ETH/USDT:USDT:['LONG']
2026-08-25 02:49:03,603 - portfolio_wfo_bot - INFO - Balance: $4539.02 | Libre: $3002.60 | Posiciones: BNB/USDT:USDT:['LONG'], ETH/USDT:USDT:['LONG']
2026-08-25 02:49:38,427 - portfolio_wfo_bot - INFO - Balance: $4538.44 | Libre: $3002.42 | Posiciones: BNB/USDT:USDT:['LONG'], ETH/USDT:USDT:['LONG']
2026-08-25 02:50:13,296 - portfolio_wfo_bot - INFO - Balance: $4537.88 | Libre: $3002.26 | Posiciones: BNB/USDT:USDT:['LONG'], ETH/USDT:USDT:['LONG']
2026-08-25 02:50:48,201 - portfolio_wfo_bot - INFO - Balance: $4537.30 | Libre: $3002.04 | Posiciones: BNB/USDT:USDT:['LONG'], ETH/USDT:USDT:['LONG']
2026-08-25 02:51:23,050 - portfolio_wfo_bot - INFO - Balance: $4536.31 | Libre: $3001.21 | Posiciones: BNB/USDT:USDT:['LONG'], ETH/USDT:USDT:['LONG']
2026-08-25 02:51:57,881 - portfolio_wfo_bot - INFO - Balance: $4536.53 | Libre: $3001.41 | Posiciones: BNB/USDT:USDT:['LONG'], ETH/USDT:USDT:['LONG']
2026-08-25 02:52:32,730 - portfolio_wfo_bot - INFO - Balance: $4536.68 | Libre: $3001.54 | Posiciones: BNB/USDT:USDT:['LONG'], ETH/USDT:USDT:['LONG']
2026-08-25 02:53:07,593 - portfolio_wfo_bot - INFO - Balance: $4537.43 | Libre: $3002.22 | Posiciones: BNB/USDT:USDT:['LONG'], ETH/USDT:USDT:['LONG']
2026-08-25 02:53:42,423 - portfolio_wfo_bot - INFO - Balance: $4535.90 | Libre: $3000.84 | Posiciones: BNB/USDT:USDT:['LONG'], ETH/USDT:USDT:['LONG']
2026-08-25 02:54:17,190 - portfolio_wfo_bot - INFO - Balance: $4534.20 | Libre: $2997.54 | Posiciones: BNB/USDT:USDT:['LONG'], ETH/USDT:USDT:['LONG']
2026-08-25 02:54:51,976 - portfolio_wfo_bot - INFO - Balance: $4532.74 | Libre: $2996.57 | Posiciones: BNB/USDT:USDT:['LONG'], ETH/USDT:USDT:['LONG']
2026-08-25 02:55:16,131 - portfolio_wfo_bot - WARNING - [BNB/USDT] VETADO 3h: 2 stops inmediatos en 90 min -- la tendencia esta atropellando las entradas.
2026-08-25 02:55:34,839 - portfolio_wfo_bot - INFO - Balance: $4529.12 | Libre: $3187.20 | Posiciones: ETH/USDT:USDT:['LONG']
2026-08-25 02:56:09,622 - portfolio_wfo_bot - INFO - Balance: $4529.12 | Libre: $3187.20 | Posiciones: ETH/USDT:USDT:['LONG']
2026-08-25 02:56:44,309 - portfolio_wfo_bot - INFO - Balance: $4529.03 | Libre: $3186.92 | Posiciones: ETH/USDT:USDT:['LONG']
2026-08-25 02:57:19,000 - portfolio_wfo_bot - INFO - Balance: $4530.66 | Libre: $3187.56 | Posiciones: ETH/USDT:USDT:['LONG']
2026-08-25 02:57:53,691 - portfolio_wfo_bot - INFO - Balance: $4530.94 | Libre: $3188.84 | Posiciones: ETH/USDT:USDT:['LONG']
2026-08-25 02:58:28,418 - portfolio_wfo_bot - INFO - Balance: $4532.49 | Libre: $3190.23 | Posiciones: ETH/USDT:USDT:['LONG']
2026-08-25 02:59:03,157 - portfolio_wfo_bot - INFO - Balance: $4532.73 | Libre: $3190.23 | Posiciones: ETH/USDT:USDT:['LONG']
2026-08-25 02:59:37,921 - portfolio_wfo_bot - INFO - Balance: $4532.94 | Libre: $3190.22 | Posiciones: ETH/USDT:USDT:['LONG']
2026-08-25 03:00:12,622 - portfolio_wfo_bot - INFO - Balance: $4532.67 | Libre: $3190.40 | Posiciones: ETH/USDT:USDT:['LONG']
2026-08-25 03:00:47,497 - portfolio_wfo_bot - INFO - Balance: $4532.72 | Libre: $3190.44 | Posiciones: ETH/USDT:USDT:['LONG']
2026-08-25 03:01:22,228 - portfolio_wfo_bot - INFO - Balance: $4532.74 | Libre: $3190.45 | Posiciones: ETH/USDT:USDT:['LONG']
2026-08-25 03:01:57,025 - portfolio_wfo_bot - INFO - Balance: $4532.72 | Libre: $3190.44 | Posiciones: ETH/USDT:USDT:['LONG']
2026-08-25 03:02:31,785 - portfolio_wfo_bot - INFO - Balance: $4531.99 | Libre: $3189.78 | Posiciones: ETH/USDT:USDT:['LONG']
2026-08-25 03:03:06,558 - portfolio_wfo_bot - INFO - Balance: $4531.84 | Libre: $3189.64 | Posiciones: ETH/USDT:USDT:['LONG']
2026-08-25 03:03:41,336 - portfolio_wfo_bot - INFO - Balance: $4530.17 | Libre: $3188.15 | Posiciones: ETH/USDT:USDT:['LONG']
2026-08-25 03:04:16,148 - portfolio_wfo_bot - INFO - Balance: $4529.81 | Libre: $3186.98 | Posiciones: ETH/USDT:USDT:['LONG']
2026-08-25 03:04:50,926 - portfolio_wfo_bot - INFO - Balance: $4529.54 | Libre: $3186.70 | Posiciones: ETH/USDT:USDT:['LONG']
2026-08-25 03:05:25,735 - portfolio_wfo_bot - INFO - Balance: $4528.45 | Libre: $3186.60 | Posiciones: ETH/USDT:USDT:['LONG']
2026-08-25 03:06:00,526 - portfolio_wfo_bot - INFO - Balance: $4529.14 | Libre: $3186.59 | Posiciones: ETH/USDT:USDT:['LONG']
2026-08-25 03:06:35,222 - portfolio_wfo_bot - INFO - Balance: $4530.44 | Libre: $3186.69 | Posiciones: ETH/USDT:USDT:['LONG']
2026-08-25 03:07:09,941 - portfolio_wfo_bot - INFO - Balance: $4529.45 | Libre: $3187.24 | Posiciones: ETH/USDT:USDT:['LONG']
2026-08-25 03:07:44,628 - portfolio_wfo_bot - INFO - Balance: $4531.33 | Libre: $3189.19 | Posiciones: ETH/USDT:USDT:['LONG']
2026-08-25 03:08:19,318 - portfolio_wfo_bot - INFO - Balance: $4532.47 | Libre: $3190.22 | Posiciones: ETH/USDT:USDT:['LONG']
2026-08-25 03:08:53,996 - portfolio_wfo_bot - INFO - Balance: $4532.84 | Libre: $3190.23 | Posiciones: ETH/USDT:USDT:['LONG']
2026-08-25 03:09:28,741 - portfolio_wfo_bot - INFO - Balance: $4532.68 | Libre: $3190.23 | Posiciones: ETH/USDT:USDT:['LONG']
2026-08-25 03:10:03,406 - portfolio_wfo_bot - INFO - Balance: $4533.71 | Libre: $3190.13 | Posiciones: ETH/USDT:USDT:['LONG']
2026-08-25 03:10:38,107 - portfolio_wfo_bot - INFO - Balance: $4532.82 | Libre: $3190.23 | Posiciones: ETH/USDT:USDT:['LONG']
2026-08-25 03:11:12,804 - portfolio_wfo_bot - INFO - Balance: $4532.94 | Libre: $3190.63 | Posiciones: ETH/USDT:USDT:['LONG']
2026-08-25 03:11:47,627 - portfolio_wfo_bot - INFO - Balance: $4532.52 | Libre: $3190.26 | Posiciones: ETH/USDT:USDT:['LONG']
2026-08-25 03:12:28,628 - portfolio_wfo_bot - INFO - Balance: $4532.46 | Libre: $3190.20 | Posiciones: ETH/USDT:USDT:['LONG']
2026-08-25 03:13:03,499 - portfolio_wfo_bot - INFO - Balance: $4535.16 | Libre: $3190.47 | Posiciones: ETH/USDT:USDT:['LONG']
2026-08-25 03:13:38,290 - portfolio_wfo_bot - INFO - Balance: $4534.87 | Libre: $3191.40 | Posiciones: ETH/USDT:USDT:['LONG']
2026-08-25 03:14:13,062 - portfolio_wfo_bot - INFO - Balance: $4534.75 | Libre: $3192.26 | Posiciones: ETH/USDT:USDT:['LONG']
2026-08-25 03:14:47,860 - portfolio_wfo_bot - INFO - Balance: $4537.86 | Libre: $3195.06 | Posiciones: ETH/USDT:USDT:['LONG']
2026-08-25 03:15:22,658 - portfolio_wfo_bot - INFO - Balance: $4536.90 | Libre: $3193.96 | Posiciones: ETH/USDT:USDT:['LONG']
2026-08-25 03:15:57,442 - portfolio_wfo_bot - INFO - Balance: $4537.38 | Libre: $3194.33 | Posiciones: ETH/USDT:USDT:['LONG']
2026-08-25 03:16:32,435 - portfolio_wfo_bot - INFO - Balance: $4535.64 | Libre: $3191.82 | Posiciones: ETH/USDT:USDT:['LONG']
2026-08-25 03:17:07,263 - portfolio_wfo_bot - INFO - Balance: $4537.51 | Libre: $3194.35 | Posiciones: ETH/USDT:USDT:['LONG']
2026-08-25 03:17:42,048 - portfolio_wfo_bot - INFO - Balance: $4537.97 | Libre: $3195.17 | Posiciones: ETH/USDT:USDT:['LONG']
2026-08-25 03:18:16,900 - portfolio_wfo_bot - INFO - Balance: $4537.91 | Libre: $3195.11 | Posiciones: ETH/USDT:USDT:['LONG']
2026-08-25 03:18:51,702 - portfolio_wfo_bot - INFO - Balance: $4538.00 | Libre: $3194.91 | Posiciones: ETH/USDT:USDT:['LONG']
2026-08-25 03:19:26,521 - portfolio_wfo_bot - INFO - Balance: $4537.68 | Libre: $3194.91 | Posiciones: ETH/USDT:USDT:['LONG']
2026-08-25 03:20:01,325 - portfolio_wfo_bot - INFO - Balance: $4537.43 | Libre: $3194.68 | Posiciones: ETH/USDT:USDT:['LONG']
2026-08-25 03:20:36,169 - portfolio_wfo_bot - INFO - Balance: $4537.87 | Libre: $3194.64 | Posiciones: ETH/USDT:USDT:['LONG']
2026-08-25 03:21:10,996 - portfolio_wfo_bot - INFO - Balance: $4537.88 | Libre: $3194.66 | Posiciones: ETH/USDT:USDT:['LONG']
2026-08-25 03:21:45,837 - portfolio_wfo_bot - INFO - Balance: $4537.45 | Libre: $3194.69 | Posiciones: ETH/USDT:USDT:['LONG']
2026-08-25 03:22:20,696 - portfolio_wfo_bot - INFO - Balance: $4537.62 | Libre: $3194.66 | Posiciones: ETH/USDT:USDT:['LONG']
2026-08-25 03:22:55,691 - portfolio_wfo_bot - INFO - Balance: $4538.47 | Libre: $3195.02 | Posiciones: ETH/USDT:USDT:['LONG']
2026-08-25 03:23:30,529 - portfolio_wfo_bot - INFO - Balance: $4537.99 | Libre: $3195.18 | Posiciones: ETH/USDT:USDT:['LONG']
2026-08-25 03:24:05,355 - portfolio_wfo_bot - INFO - Balance: $4538.10 | Libre: $3195.28 | Posiciones: ETH/USDT:USDT:['LONG']
2026-08-25 03:24:40,153 - portfolio_wfo_bot - INFO - Balance: $4539.86 | Libre: $3195.56 | Posiciones: ETH/USDT:USDT:['LONG']
2026-08-25 03:25:14,913 - portfolio_wfo_bot - INFO - Balance: $4539.71 | Libre: $3196.73 | Posiciones: ETH/USDT:USDT:['LONG']
2026-08-25 03:25:49,709 - portfolio_wfo_bot - INFO - Balance: $4538.63 | Libre: $3195.01 | Posiciones: ETH/USDT:USDT:['LONG']
2026-08-25 03:26:24,519 - portfolio_wfo_bot - INFO - Balance: $4536.78 | Libre: $3193.94 | Posiciones: ETH/USDT:USDT:['LONG']
2026-08-25 03:26:59,286 - portfolio_wfo_bot - INFO - Balance: $4536.57 | Libre: $3193.90 | Posiciones: ETH/USDT:USDT:['LONG']
2026-08-25 03:27:34,057 - portfolio_wfo_bot - INFO - Balance: $4535.43 | Libre: $3192.87 | Posiciones: ETH/USDT:USDT:['LONG']
2026-08-25 03:28:08,845 - portfolio_wfo_bot - INFO - Balance: $4536.59 | Libre: $3193.92 | Posiciones: ETH/USDT:USDT:['LONG']
2026-08-25 03:28:43,668 - portfolio_wfo_bot - INFO - Balance: $4535.30 | Libre: $3192.76 | Posiciones: ETH/USDT:USDT:['LONG']
2026-08-25 03:29:18,464 - portfolio_wfo_bot - INFO - Balance: $4535.73 | Libre: $3192.15 | Posiciones: ETH/USDT:USDT:['LONG']
2026-08-25 03:29:53,254 - portfolio_wfo_bot - INFO - Balance: $4535.66 | Libre: $3192.72 | Posiciones: ETH/USDT:USDT:['LONG']
2026-08-25 03:30:28,096 - portfolio_wfo_bot - INFO - Balance: $4536.82 | Libre: $3194.13 | Posiciones: ETH/USDT:USDT:['LONG']
2026-08-25 03:31:02,881 - portfolio_wfo_bot - INFO - Balance: $4536.76 | Libre: $3194.03 | Posiciones: ETH/USDT:USDT:['LONG']
2026-08-25 03:31:37,685 - portfolio_wfo_bot - INFO - Balance: $4536.73 | Libre: $3194.01 | Posiciones: ETH/USDT:USDT:['LONG']
2026-08-25 03:32:12,496 - portfolio_wfo_bot - INFO - Balance: $4538.23 | Libre: $3194.38 | Posiciones: ETH/USDT:USDT:['LONG']
2026-08-25 03:32:47,282 - portfolio_wfo_bot - INFO - Balance: $4537.80 | Libre: $3195.01 | Posiciones: ETH/USDT:USDT:['LONG']
2026-08-25 03:33:22,080 - portfolio_wfo_bot - INFO - Balance: $4538.07 | Libre: $3194.64 | Posiciones: ETH/USDT:USDT:['LONG']
2026-08-25 03:33:56,866 - portfolio_wfo_bot - INFO - Balance: $4538.07 | Libre: $3195.26 | Posiciones: ETH/USDT:USDT:['LONG']
2026-08-25 03:34:31,749 - portfolio_wfo_bot - INFO - Balance: $4539.98 | Libre: $3195.34 | Posiciones: ETH/USDT:USDT:['LONG']
2026-08-25 03:35:06,586 - portfolio_wfo_bot - INFO - Balance: $4539.79 | Libre: $3196.81 | Posiciones: ETH/USDT:USDT:['LONG']
2026-08-25 03:35:41,381 - portfolio_wfo_bot - INFO - Balance: $4538.80 | Libre: $3195.55 | Posiciones: ETH/USDT:USDT:['LONG']
2026-08-25 03:36:16,172 - portfolio_wfo_bot - INFO - Balance: $4537.72 | Libre: $3194.94 | Posiciones: ETH/USDT:USDT:['LONG']
2026-08-25 03:36:50,852 - portfolio_wfo_bot - INFO - Balance: $4538.53 | Libre: $3194.34 | Posiciones: ETH/USDT:USDT:['LONG']
2026-08-25 03:37:25,554 - portfolio_wfo_bot - INFO - Balance: $4537.69 | Libre: $3194.39 | Posiciones: ETH/USDT:USDT:['LONG']
2026-08-25 03:38:00,501 - portfolio_wfo_bot - INFO - Balance: $4537.61 | Libre: $3194.39 | Posiciones: ETH/USDT:USDT:['LONG']
2026-08-25 03:38:36,021 - portfolio_wfo_bot - INFO - Balance: $4537.21 | Libre: $3194.48 | Posiciones: ETH/USDT:USDT:['LONG']
2026-08-25 03:39:10,745 - portfolio_wfo_bot - INFO - Balance: $4537.80 | Libre: $3194.52 | Posiciones: ETH/USDT:USDT:['LONG']
2026-08-25 03:39:45,507 - portfolio_wfo_bot - INFO - Balance: $4537.23 | Libre: $3194.49 | Posiciones: ETH/USDT:USDT:['LONG']
2026-08-25 03:40:20,243 - portfolio_wfo_bot - INFO - Balance: $4537.55 | Libre: $3194.36 | Posiciones: ETH/USDT:USDT:['LONG']
2026-08-25 03:40:54,893 - portfolio_wfo_bot - INFO - Balance: $4537.84 | Libre: $3194.89 | Posiciones: ETH/USDT:USDT:['LONG']
2026-08-25 03:41:30,345 - portfolio_wfo_bot - INFO - Balance: $4538.19 | Libre: $3195.04 | Posiciones: ETH/USDT:USDT:['LONG']
2026-08-25 03:42:05,203 - portfolio_wfo_bot - INFO - Balance: $4538.06 | Libre: $3195.25 | Posiciones: ETH/USDT:USDT:['LONG']
2026-08-25 03:42:46,250 - portfolio_wfo_bot - INFO - Balance: $4537.84 | Libre: $3195.05 | Posiciones: ETH/USDT:USDT:['LONG']
2026-08-25 03:43:21,156 - portfolio_wfo_bot - INFO - Balance: $4537.04 | Libre: $3194.22 | Posiciones: ETH/USDT:USDT:['LONG']
2026-08-25 03:43:56,058 - portfolio_wfo_bot - INFO - Balance: $4536.82 | Libre: $3194.13 | Posiciones: ETH/USDT:USDT:['LONG']
2026-08-25 03:44:31,081 - portfolio_wfo_bot - INFO - Balance: $4537.21 | Libre: $3193.64 | Posiciones: ETH/USDT:USDT:['LONG']
2026-08-25 03:45:05,993 - portfolio_wfo_bot - INFO - Balance: $4535.14 | Libre: $3192.10 | Posiciones: ETH/USDT:USDT:['LONG']
2026-08-25 03:45:40,942 - portfolio_wfo_bot - INFO - Balance: $4535.07 | Libre: $3192.56 | Posiciones: ETH/USDT:USDT:['LONG']
2026-08-25 03:46:15,953 - portfolio_wfo_bot - INFO - Balance: $4534.46 | Libre: $3192.00 | Posiciones: ETH/USDT:USDT:['LONG']
2026-08-25 03:46:50,892 - portfolio_wfo_bot - INFO - Balance: $4534.03 | Libre: $3191.62 | Posiciones: ETH/USDT:USDT:['LONG']
2026-08-25 03:47:25,571 - portfolio_wfo_bot - INFO - Balance: $4534.37 | Libre: $3191.92 | Posiciones: ETH/USDT:USDT:['LONG']
2026-08-25 03:48:00,401 - portfolio_wfo_bot - INFO - Balance: $4532.61 | Libre: $3189.94 | Posiciones: ETH/USDT:USDT:['LONG']
2026-08-25 03:48:35,117 - portfolio_wfo_bot - INFO - Balance: $4532.12 | Libre: $3189.90 | Posiciones: ETH/USDT:USDT:['LONG']
2026-08-25 03:49:09,972 - portfolio_wfo_bot - INFO - Balance: $4532.49 | Libre: $3188.76 | Posiciones: ETH/USDT:USDT:['LONG']
2026-08-25 03:49:44,621 - portfolio_wfo_bot - INFO - Balance: $4531.00 | Libre: $3188.89 | Posiciones: ETH/USDT:USDT:['LONG']
2026-08-25 03:50:19,304 - portfolio_wfo_bot - INFO - Balance: $4528.46 | Libre: $3186.60 | Posiciones: ETH/USDT:USDT:['LONG']
2026-08-25 03:50:53,985 - portfolio_wfo_bot - INFO - Balance: $4528.52 | Libre: $3186.66 | Posiciones: ETH/USDT:USDT:['LONG']
2026-08-25 03:51:28,840 - portfolio_wfo_bot - INFO - Balance: $4528.50 | Libre: $3186.64 | Posiciones: ETH/USDT:USDT:['LONG']
2026-08-25 03:52:03,525 - portfolio_wfo_bot - INFO - Balance: $4526.75 | Libre: $3185.07 | Posiciones: ETH/USDT:USDT:['LONG']
2026-08-25 03:52:38,157 - portfolio_wfo_bot - INFO - Balance: $4529.49 | Libre: $3187.54 | Posiciones: ETH/USDT:USDT:['LONG']
2026-08-25 03:53:14,437 - portfolio_wfo_bot - INFO - Balance: $4527.25 | Libre: $3185.48 | Posiciones: ETH/USDT:USDT:['LONG'], SOL/USDT:USDT:['LONG']
2026-08-25 03:53:49,178 - portfolio_wfo_bot - INFO - Balance: $4525.13 | Libre: $3182.59 | Posiciones: ETH/USDT:USDT:['LONG'], SOL/USDT:USDT:['LONG']
2026-08-25 03:54:23,860 - portfolio_wfo_bot - INFO - Balance: $4523.96 | Libre: $3181.84 | Posiciones: ETH/USDT:USDT:['LONG'], SOL/USDT:USDT:['LONG']
2026-08-25 03:54:58,564 - portfolio_wfo_bot - INFO - Balance: $4518.45 | Libre: $3177.56 | Posiciones: ETH/USDT:USDT:['LONG'], SOL/USDT:USDT:['LONG']
2026-08-25 03:55:33,239 - portfolio_wfo_bot - INFO - Balance: $4513.42 | Libre: $3172.78 | Posiciones: ETH/USDT:USDT:['LONG'], SOL/USDT:USDT:['LONG']
2026-08-25 03:56:07,923 - portfolio_wfo_bot - INFO - Balance: $4515.56 | Libre: $3172.72 | Posiciones: ETH/USDT:USDT:['LONG'], SOL/USDT:USDT:['LONG']
2026-08-25 03:56:42,591 - portfolio_wfo_bot - INFO - Balance: $4516.85 | Libre: $3176.00 | Posiciones: ETH/USDT:USDT:['LONG'], SOL/USDT:USDT:['LONG']
2026-08-25 03:57:17,344 - portfolio_wfo_bot - INFO - Balance: $4516.34 | Libre: $3175.66 | Posiciones: ETH/USDT:USDT:['LONG'], SOL/USDT:USDT:['LONG']
2026-08-25 03:57:52,108 - portfolio_wfo_bot - INFO - Balance: $4513.14 | Libre: $3171.91 | Posiciones: ETH/USDT:USDT:['LONG'], SOL/USDT:USDT:['LONG']
2026-08-25 03:58:26,912 - portfolio_wfo_bot - INFO - Balance: $4517.01 | Libre: $3174.40 | Posiciones: ETH/USDT:USDT:['LONG'], SOL/USDT:USDT:['LONG']
2026-08-25 03:59:01,642 - portfolio_wfo_bot - INFO - Balance: $4516.44 | Libre: $3175.34 | Posiciones: ETH/USDT:USDT:['LONG'], SOL/USDT:USDT:['LONG']
2026-08-25 03:59:36,380 - portfolio_wfo_bot - INFO - Balance: $4517.59 | Libre: $3176.47 | Posiciones: ETH/USDT:USDT:['LONG'], SOL/USDT:USDT:['LONG']
2026-08-25 04:00:11,306 - portfolio_wfo_bot - INFO - Balance: $4518.67 | Libre: $3177.60 | Posiciones: ETH/USDT:USDT:['LONG'], SOL/USDT:USDT:['LONG']
2026-08-25 04:00:46,078 - portfolio_wfo_bot - INFO - Balance: $4519.15 | Libre: $3178.18 | Posiciones: ETH/USDT:USDT:['LONG'], SOL/USDT:USDT:['LONG']
2026-08-25 04:01:20,803 - portfolio_wfo_bot - INFO - Balance: $4517.24 | Libre: $3176.47 | Posiciones: ETH/USDT:USDT:['LONG'], SOL/USDT:USDT:['LONG']
2026-08-25 04:01:55,501 - portfolio_wfo_bot - INFO - Balance: $4514.77 | Libre: $3174.24 | Posiciones: ETH/USDT:USDT:['LONG'], SOL/USDT:USDT:['LONG']
2026-08-25 04:02:30,350 - portfolio_wfo_bot - INFO - Balance: $4513.76 | Libre: $3172.92 | Posiciones: ETH/USDT:USDT:['LONG'], SOL/USDT:USDT:['LONG']
2026-08-25 04:03:05,155 - portfolio_wfo_bot - INFO - Balance: $4512.62 | Libre: $3172.31 | Posiciones: ETH/USDT:USDT:['LONG'], SOL/USDT:USDT:['LONG']
2026-08-25 04:03:39,941 - portfolio_wfo_bot - INFO - Balance: $4515.70 | Libre: $3173.16 | Posiciones: ETH/USDT:USDT:['LONG'], SOL/USDT:USDT:['LONG']
2026-08-25 04:04:14,743 - portfolio_wfo_bot - INFO - Balance: $4517.87 | Libre: $3175.40 | Posiciones: ETH/USDT:USDT:['LONG'], SOL/USDT:USDT:['LONG']
2026-08-25 04:04:49,568 - portfolio_wfo_bot - INFO - Balance: $4518.02 | Libre: $3176.73 | Posiciones: ETH/USDT:USDT:['LONG'], SOL/USDT:USDT:['LONG']
2026-08-25 04:05:24,351 - portfolio_wfo_bot - INFO - Balance: $4518.64 | Libre: $3177.73 | Posiciones: ETH/USDT:USDT:['LONG'], SOL/USDT:USDT:['LONG']
2026-08-25 04:05:59,167 - portfolio_wfo_bot - INFO - Balance: $4520.04 | Libre: $3178.17 | Posiciones: ETH/USDT:USDT:['LONG'], SOL/USDT:USDT:['LONG']
2026-08-25 04:06:33,940 - portfolio_wfo_bot - INFO - Balance: $4520.64 | Libre: $3178.99 | Posiciones: ETH/USDT:USDT:['LONG'], SOL/USDT:USDT:['LONG']
2026-08-25 04:07:08,766 - portfolio_wfo_bot - INFO - Balance: $4520.70 | Libre: $3177.95 | Posiciones: ETH/USDT:USDT:['LONG'], SOL/USDT:USDT:['LONG']
2026-08-25 04:07:43,555 - portfolio_wfo_bot - INFO - Balance: $4520.89 | Libre: $3178.83 | Posiciones: ETH/USDT:USDT:['LONG'], SOL/USDT:USDT:['LONG']
2026-08-25 04:08:18,359 - portfolio_wfo_bot - INFO - Balance: $4522.10 | Libre: $3179.95 | Posiciones: ETH/USDT:USDT:['LONG'], SOL/USDT:USDT:['LONG']
2026-08-25 04:08:53,150 - portfolio_wfo_bot - INFO - Balance: $4519.65 | Libre: $3178.43 | Posiciones: ETH/USDT:USDT:['LONG'], SOL/USDT:USDT:['LONG']
2026-08-25 04:09:28,162 - portfolio_wfo_bot - INFO - Balance: $4520.60 | Libre: $3178.86 | Posiciones: ETH/USDT:USDT:['LONG'], SOL/USDT:USDT:['LONG']
2026-08-25 04:10:02,994 - portfolio_wfo_bot - INFO - Balance: $4519.97 | Libre: $3178.49 | Posiciones: ETH/USDT:USDT:['LONG'], SOL/USDT:USDT:['LONG']
2026-08-25 04:10:37,854 - portfolio_wfo_bot - INFO - Balance: $4521.95 | Libre: $3179.87 | Posiciones: ETH/USDT:USDT:['LONG'], SOL/USDT:USDT:['LONG']
2026-08-25 04:11:12,670 - portfolio_wfo_bot - INFO - Balance: $4522.60 | Libre: $3180.40 | Posiciones: ETH/USDT:USDT:['LONG'], SOL/USDT:USDT:['LONG']
2026-08-25 04:11:47,597 - portfolio_wfo_bot - INFO - Balance: $4522.63 | Libre: $3180.55 | Posiciones: ETH/USDT:USDT:['LONG'], SOL/USDT:USDT:['LONG']
2026-08-25 04:12:22,356 - portfolio_wfo_bot - INFO - Balance: $4521.52 | Libre: $3180.27 | Posiciones: ETH/USDT:USDT:['LONG'], SOL/USDT:USDT:['LONG']
2026-08-25 04:13:03,297 - portfolio_wfo_bot - INFO - Balance: $4519.59 | Libre: $3178.58 | Posiciones: ETH/USDT:USDT:['LONG'], SOL/USDT:USDT:['LONG']
2026-08-25 04:13:38,006 - portfolio_wfo_bot - INFO - Balance: $4519.04 | Libre: $3178.09 | Posiciones: ETH/USDT:USDT:['LONG'], SOL/USDT:USDT:['LONG']
2026-08-25 04:14:12,780 - portfolio_wfo_bot - INFO - Balance: $4514.67 | Libre: $3174.16 | Posiciones: ETH/USDT:USDT:['LONG'], SOL/USDT:USDT:['LONG']
2026-08-25 04:14:47,461 - portfolio_wfo_bot - INFO - Balance: $4516.13 | Libre: $3174.61 | Posiciones: ETH/USDT:USDT:['LONG'], SOL/USDT:USDT:['LONG']
2026-08-25 04:15:22,133 - portfolio_wfo_bot - INFO - Balance: $4517.29 | Libre: $3175.33 | Posiciones: ETH/USDT:USDT:['LONG'], SOL/USDT:USDT:['LONG']
2026-08-25 04:15:56,869 - portfolio_wfo_bot - INFO - Balance: $4513.09 | Libre: $3172.61 | Posiciones: ETH/USDT:USDT:['LONG'], SOL/USDT:USDT:['LONG']
2026-08-25 04:16:31,559 - portfolio_wfo_bot - INFO - Balance: $4514.71 | Libre: $3173.38 | Posiciones: ETH/USDT:USDT:['LONG'], SOL/USDT:USDT:['LONG']
2026-08-25 04:17:06,276 - portfolio_wfo_bot - INFO - Balance: $4516.27 | Libre: $3175.40 | Posiciones: ETH/USDT:USDT:['LONG'], SOL/USDT:USDT:['LONG']
2026-08-25 04:17:41,072 - portfolio_wfo_bot - INFO - Balance: $4513.45 | Libre: $3173.06 | Posiciones: ETH/USDT:USDT:['LONG'], SOL/USDT:USDT:['LONG']
2026-08-25 04:18:15,996 - portfolio_wfo_bot - INFO - Balance: $4514.76 | Libre: $3174.08 | Posiciones: ETH/USDT:USDT:['LONG'], SOL/USDT:USDT:['LONG']
2026-08-25 04:18:50,827 - portfolio_wfo_bot - INFO - Balance: $4516.79 | Libre: $3174.67 | Posiciones: ETH/USDT:USDT:['LONG'], SOL/USDT:USDT:['LONG']
2026-08-25 04:19:25,612 - portfolio_wfo_bot - INFO - Balance: $4517.72 | Libre: $3176.86 | Posiciones: ETH/USDT:USDT:['LONG'], SOL/USDT:USDT:['LONG']
2026-08-25 04:20:00,407 - portfolio_wfo_bot - INFO - Balance: $4518.14 | Libre: $3177.28 | Posiciones: ETH/USDT:USDT:['LONG'], SOL/USDT:USDT:['LONG']
2026-08-25 04:20:35,224 - portfolio_wfo_bot - INFO - Balance: $4519.93 | Libre: $3177.53 | Posiciones: ETH/USDT:USDT:['LONG'], SOL/USDT:USDT:['LONG']
2026-08-25 04:21:10,053 - portfolio_wfo_bot - INFO - Balance: $4518.81 | Libre: $3177.72 | Posiciones: ETH/USDT:USDT:['LONG'], SOL/USDT:USDT:['LONG']
2026-08-25 04:21:44,888 - portfolio_wfo_bot - INFO - Balance: $4519.47 | Libre: $3178.48 | Posiciones: ETH/USDT:USDT:['LONG'], SOL/USDT:USDT:['LONG']
2026-08-25 04:22:19,717 - portfolio_wfo_bot - INFO - Balance: $4517.63 | Libre: $3176.82 | Posiciones: ETH/USDT:USDT:['LONG'], SOL/USDT:USDT:['LONG']
2026-08-25 04:22:54,522 - portfolio_wfo_bot - INFO - Balance: $4516.96 | Libre: $3175.99 | Posiciones: ETH/USDT:USDT:['LONG'], SOL/USDT:USDT:['LONG']
2026-08-25 04:23:29,384 - portfolio_wfo_bot - INFO - Balance: $4518.81 | Libre: $3175.09 | Posiciones: ETH/USDT:USDT:['LONG'], SOL/USDT:USDT:['LONG']
2026-08-25 04:24:04,289 - portfolio_wfo_bot - INFO - Balance: $4520.56 | Libre: $3178.83 | Posiciones: ETH/USDT:USDT:['LONG'], SOL/USDT:USDT:['LONG']
2026-08-25 04:24:39,172 - portfolio_wfo_bot - INFO - Balance: $4519.82 | Libre: $3177.98 | Posiciones: ETH/USDT:USDT:['LONG'], SOL/USDT:USDT:['LONG']
2026-08-25 04:25:14,008 - portfolio_wfo_bot - INFO - Balance: $4519.48 | Libre: $3177.94 | Posiciones: ETH/USDT:USDT:['LONG'], SOL/USDT:USDT:['LONG']
2026-08-25 04:25:48,823 - portfolio_wfo_bot - INFO - Balance: $4519.02 | Libre: $3177.48 | Posiciones: ETH/USDT:USDT:['LONG'], SOL/USDT:USDT:['LONG']
2026-08-25 04:26:23,712 - portfolio_wfo_bot - INFO - Balance: $4518.45 | Libre: $3177.20 | Posiciones: ETH/USDT:USDT:['LONG'], SOL/USDT:USDT:['LONG']
2026-08-25 04:26:58,784 - portfolio_wfo_bot - INFO - Balance: $4517.88 | Libre: $3176.99 | Posiciones: ETH/USDT:USDT:['LONG'], SOL/USDT:USDT:['LONG']
2026-08-25 04:27:33,627 - portfolio_wfo_bot - INFO - Balance: $4519.23 | Libre: $3177.03 | Posiciones: ETH/USDT:USDT:['LONG'], SOL/USDT:USDT:['LONG']
2026-08-25 04:28:08,503 - portfolio_wfo_bot - INFO - Balance: $4517.22 | Libre: $3176.11 | Posiciones: ETH/USDT:USDT:['LONG'], SOL/USDT:USDT:['LONG']
2026-08-25 04:28:43,316 - portfolio_wfo_bot - INFO - Balance: $4516.84 | Libre: $3175.82 | Posiciones: ETH/USDT:USDT:['LONG'], SOL/USDT:USDT:['LONG']
2026-08-25 04:29:18,114 - portfolio_wfo_bot - INFO - Balance: $4516.90 | Libre: $3175.79 | Posiciones: ETH/USDT:USDT:['LONG'], SOL/USDT:USDT:['LONG']
2026-08-25 04:29:52,937 - portfolio_wfo_bot - INFO - Balance: $4516.52 | Libre: $3175.65 | Posiciones: ETH/USDT:USDT:['LONG'], SOL/USDT:USDT:['LONG']
2026-08-25 04:30:27,821 - portfolio_wfo_bot - INFO - Balance: $4516.53 | Libre: $3175.65 | Posiciones: ETH/USDT:USDT:['LONG'], SOL/USDT:USDT:['LONG']
2026-08-25 04:31:02,653 - portfolio_wfo_bot - INFO - Balance: $4516.46 | Libre: $3175.48 | Posiciones: ETH/USDT:USDT:['LONG'], SOL/USDT:USDT:['LONG']
2026-08-25 04:31:37,453 - portfolio_wfo_bot - INFO - Balance: $4518.41 | Libre: $3177.10 | Posiciones: ETH/USDT:USDT:['LONG'], SOL/USDT:USDT:['LONG']
2026-08-25 04:32:12,174 - portfolio_wfo_bot - INFO - Balance: $4517.60 | Libre: $3176.78 | Posiciones: ETH/USDT:USDT:['LONG'], SOL/USDT:USDT:['LONG']
2026-08-25 04:32:46,842 - portfolio_wfo_bot - INFO - Balance: $4516.80 | Libre: $3176.07 | Posiciones: ETH/USDT:USDT:['LONG'], SOL/USDT:USDT:['LONG']
2026-08-25 04:33:21,534 - portfolio_wfo_bot - INFO - Balance: $4516.19 | Libre: $3175.45 | Posiciones: ETH/USDT:USDT:['LONG'], SOL/USDT:USDT:['LONG']
2026-08-25 04:33:56,220 - portfolio_wfo_bot - INFO - Balance: $4516.65 | Libre: $3175.82 | Posiciones: ETH/USDT:USDT:['LONG'], SOL/USDT:USDT:['LONG']
2026-08-25 04:34:30,924 - portfolio_wfo_bot - INFO - Balance: $4516.26 | Libre: $3175.52 | Posiciones: ETH/USDT:USDT:['LONG'], SOL/USDT:USDT:['LONG']
2026-08-25 04:35:05,596 - portfolio_wfo_bot - INFO - Balance: $4515.55 | Libre: $3174.62 | Posiciones: ETH/USDT:USDT:['LONG'], SOL/USDT:USDT:['LONG']
2026-08-25 04:35:40,323 - portfolio_wfo_bot - INFO - Balance: $4514.88 | Libre: $3174.34 | Posiciones: ETH/USDT:USDT:['LONG'], SOL/USDT:USDT:['LONG']
2026-08-25 04:36:14,970 - portfolio_wfo_bot - INFO - Balance: $4514.76 | Libre: $3174.24 | Posiciones: ETH/USDT:USDT:['LONG'], SOL/USDT:USDT:['LONG']
2026-08-25 04:36:49,646 - portfolio_wfo_bot - INFO - Balance: $4513.85 | Libre: $3173.42 | Posiciones: ETH/USDT:USDT:['LONG'], SOL/USDT:USDT:['LONG']
2026-08-25 04:37:24,339 - portfolio_wfo_bot - INFO - Balance: $4514.71 | Libre: $3174.19 | Posiciones: ETH/USDT:USDT:['LONG'], SOL/USDT:USDT:['LONG']
2026-08-25 04:37:59,025 - portfolio_wfo_bot - INFO - Balance: $4514.73 | Libre: $3174.16 | Posiciones: ETH/USDT:USDT:['LONG'], SOL/USDT:USDT:['LONG']
2026-08-25 04:38:33,683 - portfolio_wfo_bot - INFO - Balance: $4515.30 | Libre: $3174.24 | Posiciones: ETH/USDT:USDT:['LONG'], SOL/USDT:USDT:['LONG']
2026-08-25 04:39:08,488 - portfolio_wfo_bot - INFO - Balance: $4515.62 | Libre: $3175.01 | Posiciones: ETH/USDT:USDT:['LONG'], SOL/USDT:USDT:['LONG']
2026-08-25 04:39:43,119 - portfolio_wfo_bot - INFO - Balance: $4516.65 | Libre: $3174.58 | Posiciones: ETH/USDT:USDT:['LONG'], SOL/USDT:USDT:['LONG']
2026-08-25 04:40:17,739 - portfolio_wfo_bot - INFO - Balance: $4516.81 | Libre: $3175.25 | Posiciones: ETH/USDT:USDT:['LONG'], SOL/USDT:USDT:['LONG']
2026-08-25 04:40:52,450 - portfolio_wfo_bot - INFO - Balance: $4516.73 | Libre: $3176.01 | Posiciones: ETH/USDT:USDT:['LONG'], SOL/USDT:USDT:['LONG']
2026-08-25 04:41:27,144 - portfolio_wfo_bot - INFO - Balance: $4517.65 | Libre: $3176.25 | Posiciones: ETH/USDT:USDT:['LONG'], SOL/USDT:USDT:['LONG']
2026-08-25 04:42:02,543 - portfolio_wfo_bot - INFO - Balance: $4518.91 | Libre: $3177.90 | Posiciones: ETH/USDT:USDT:['LONG'], SOL/USDT:USDT:['LONG']
2026-08-25 04:42:37,258 - portfolio_wfo_bot - INFO - Balance: $4519.39 | Libre: $3178.41 | Posiciones: ETH/USDT:USDT:['LONG'], SOL/USDT:USDT:['LONG']
2026-08-25 04:43:18,222 - portfolio_wfo_bot - INFO - Balance: $4520.09 | Libre: $3178.98 | Posiciones: ETH/USDT:USDT:['LONG'], SOL/USDT:USDT:['LONG']
2026-08-25 04:43:53,227 - portfolio_wfo_bot - INFO - Balance: $4518.82 | Libre: $3177.37 | Posiciones: ETH/USDT:USDT:['LONG'], SOL/USDT:USDT:['LONG']
2026-08-25 04:44:28,014 - portfolio_wfo_bot - INFO - Balance: $4518.67 | Libre: $3177.07 | Posiciones: ETH/USDT:USDT:['LONG'], SOL/USDT:USDT:['LONG']
2026-08-25 04:45:02,923 - portfolio_wfo_bot - INFO - Balance: $4519.48 | Libre: $3177.88 | Posiciones: ETH/USDT:USDT:['LONG'], SOL/USDT:USDT:['LONG']
2026-08-25 04:45:37,684 - portfolio_wfo_bot - INFO - Balance: $4521.37 | Libre: $3178.62 | Posiciones: ETH/USDT:USDT:['LONG'], SOL/USDT:USDT:['LONG']
2026-08-25 04:46:12,506 - portfolio_wfo_bot - INFO - Balance: $4523.35 | Libre: $3178.66 | Posiciones: ETH/USDT:USDT:['LONG'], SOL/USDT:USDT:['LONG']
2026-08-25 04:46:47,430 - portfolio_wfo_bot - INFO - Balance: $4522.57 | Libre: $3178.88 | Posiciones: ETH/USDT:USDT:['LONG'], SOL/USDT:USDT:['LONG']
2026-08-25 04:47:22,233 - portfolio_wfo_bot - INFO - Balance: $4523.29 | Libre: $3180.44 | Posiciones: ETH/USDT:USDT:['LONG'], SOL/USDT:USDT:['LONG']
2026-08-25 04:47:57,030 - portfolio_wfo_bot - INFO - Balance: $4528.11 | Libre: $3186.26 | Posiciones: ETH/USDT:USDT:['LONG'], SOL/USDT:USDT:['LONG']
2026-08-25 04:48:31,850 - portfolio_wfo_bot - INFO - Balance: $4527.03 | Libre: $3185.28 | Posiciones: ETH/USDT:USDT:['LONG'], SOL/USDT:USDT:['LONG']
2026-08-25 04:49:06,641 - portfolio_wfo_bot - INFO - Balance: $4527.82 | Libre: $3182.25 | Posiciones: ETH/USDT:USDT:['LONG'], SOL/USDT:USDT:['LONG']
2026-08-25 04:49:41,448 - portfolio_wfo_bot - INFO - Balance: $4523.13 | Libre: $3181.15 | Posiciones: ETH/USDT:USDT:['LONG'], SOL/USDT:USDT:['LONG']
2026-08-25 04:50:16,231 - portfolio_wfo_bot - INFO - Balance: $4523.32 | Libre: $3181.59 | Posiciones: ETH/USDT:USDT:['LONG'], SOL/USDT:USDT:['LONG']
2026-08-25 04:50:51,070 - portfolio_wfo_bot - INFO - Balance: $4525.17 | Libre: $3183.05 | Posiciones: ETH/USDT:USDT:['LONG'], SOL/USDT:USDT:['LONG']
2026-08-25 04:51:25,838 - portfolio_wfo_bot - INFO - Balance: $4525.50 | Libre: $3183.54 | Posiciones: ETH/USDT:USDT:['LONG'], SOL/USDT:USDT:['LONG']
2026-08-25 04:52:00,643 - portfolio_wfo_bot - INFO - Balance: $4527.46 | Libre: $3185.08 | Posiciones: ETH/USDT:USDT:['LONG'], SOL/USDT:USDT:['LONG']
2026-08-25 04:52:35,551 - portfolio_wfo_bot - INFO - Balance: $4529.24 | Libre: $3186.20 | Posiciones: ETH/USDT:USDT:['LONG'], SOL/USDT:USDT:['LONG']
2026-08-25 04:53:10,438 - portfolio_wfo_bot - INFO - Balance: $4530.19 | Libre: $3187.01 | Posiciones: ETH/USDT:USDT:['LONG'], SOL/USDT:USDT:['LONG']
2026-08-25 04:53:45,300 - portfolio_wfo_bot - INFO - Balance: $4529.60 | Libre: $3187.59 | Posiciones: ETH/USDT:USDT:['LONG'], SOL/USDT:USDT:['LONG']
2026-08-25 04:54:20,164 - portfolio_wfo_bot - INFO - Balance: $4529.25 | Libre: $3187.28 | Posiciones: ETH/USDT:USDT:['LONG'], SOL/USDT:USDT:['LONG']
2026-08-25 04:54:55,201 - portfolio_wfo_bot - INFO - Balance: $4530.11 | Libre: $3188.03 | Posiciones: ETH/USDT:USDT:['LONG'], SOL/USDT:USDT:['LONG']
2026-08-25 04:55:30,268 - portfolio_wfo_bot - INFO - Balance: $4530.88 | Libre: $3187.10 | Posiciones: ETH/USDT:USDT:['LONG'], SOL/USDT:USDT:['LONG']
2026-08-25 04:56:05,145 - portfolio_wfo_bot - INFO - Balance: $4529.06 | Libre: $3187.07 | Posiciones: ETH/USDT:USDT:['LONG'], SOL/USDT:USDT:['LONG']
2026-08-25 04:56:40,053 - portfolio_wfo_bot - INFO - Balance: $4529.73 | Libre: $3187.13 | Posiciones: ETH/USDT:USDT:['LONG'], SOL/USDT:USDT:['LONG']
2026-08-25 04:57:14,877 - portfolio_wfo_bot - INFO - Balance: $4529.17 | Libre: $3186.58 | Posiciones: ETH/USDT:USDT:['LONG'], SOL/USDT:USDT:['LONG']
2026-08-25 04:57:49,659 - portfolio_wfo_bot - INFO - Balance: $4529.68 | Libre: $3187.33 | Posiciones: ETH/USDT:USDT:['LONG'], SOL/USDT:USDT:['LONG']
2026-08-25 04:58:24,548 - portfolio_wfo_bot - INFO - Balance: $4527.49 | Libre: $3185.40 | Posiciones: ETH/USDT:USDT:['LONG'], SOL/USDT:USDT:['LONG']
2026-08-25 04:58:59,472 - portfolio_wfo_bot - INFO - Balance: $4527.00 | Libre: $3184.88 | Posiciones: ETH/USDT:USDT:['LONG'], SOL/USDT:USDT:['LONG']
2026-08-25 04:59:34,365 - portfolio_wfo_bot - INFO - Balance: $4526.06 | Libre: $3184.31 | Posiciones: ETH/USDT:USDT:['LONG'], SOL/USDT:USDT:['LONG']
2026-08-25 05:00:09,265 - portfolio_wfo_bot - INFO - Balance: $4525.36 | Libre: $3183.78 | Posiciones: ETH/USDT:USDT:['LONG'], SOL/USDT:USDT:['LONG']
2026-08-25 05:00:44,232 - portfolio_wfo_bot - INFO - Balance: $4525.20 | Libre: $3183.31 | Posiciones: ETH/USDT:USDT:['LONG'], SOL/USDT:USDT:['LONG']
2026-08-25 05:01:19,125 - portfolio_wfo_bot - INFO - Balance: $4525.38 | Libre: $3183.21 | Posiciones: ETH/USDT:USDT:['LONG'], SOL/USDT:USDT:['LONG']
2026-08-25 05:01:54,027 - portfolio_wfo_bot - INFO - Balance: $4525.02 | Libre: $3183.04 | Posiciones: ETH/USDT:USDT:['LONG'], SOL/USDT:USDT:['LONG']
2026-08-25 05:02:28,891 - portfolio_wfo_bot - INFO - Balance: $4524.09 | Libre: $3182.63 | Posiciones: ETH/USDT:USDT:['LONG'], SOL/USDT:USDT:['LONG']
2026-08-25 05:03:03,751 - portfolio_wfo_bot - INFO - Balance: $4522.01 | Libre: $3180.76 | Posiciones: ETH/USDT:USDT:['LONG'], SOL/USDT:USDT:['LONG']
2026-08-25 05:03:38,611 - portfolio_wfo_bot - INFO - Balance: $4521.80 | Libre: $3180.58 | Posiciones: ETH/USDT:USDT:['LONG'], SOL/USDT:USDT:['LONG']
2026-08-25 05:04:13,640 - portfolio_wfo_bot - INFO - Balance: $4520.44 | Libre: $3178.21 | Posiciones: ETH/USDT:USDT:['LONG'], SOL/USDT:USDT:['LONG']
2026-08-25 05:04:48,489 - portfolio_wfo_bot - INFO - Balance: $4519.27 | Libre: $3177.75 | Posiciones: ETH/USDT:USDT:['LONG'], SOL/USDT:USDT:['LONG']
2026-08-25 05:05:23,320 - portfolio_wfo_bot - INFO - Balance: $4519.45 | Libre: $3177.72 | Posiciones: ETH/USDT:USDT:['LONG'], SOL/USDT:USDT:['LONG']
2026-08-25 05:05:58,199 - portfolio_wfo_bot - INFO - Balance: $4518.62 | Libre: $3177.28 | Posiciones: ETH/USDT:USDT:['LONG'], SOL/USDT:USDT:['LONG']
2026-08-25 05:06:33,099 - portfolio_wfo_bot - INFO - Balance: $4525.35 | Libre: $3180.12 | Posiciones: ETH/USDT:USDT:['LONG'], SOL/USDT:USDT:['LONG']
2026-08-25 05:07:07,848 - portfolio_wfo_bot - INFO - Balance: $4524.12 | Libre: $3180.93 | Posiciones: ETH/USDT:USDT:['LONG'], SOL/USDT:USDT:['LONG']
2026-08-25 05:07:42,833 - portfolio_wfo_bot - INFO - Balance: $4524.29 | Libre: $3182.82 | Posiciones: ETH/USDT:USDT:['LONG'], SOL/USDT:USDT:['LONG']
2026-08-25 05:08:17,528 - portfolio_wfo_bot - INFO - Balance: $4525.36 | Libre: $3182.98 | Posiciones: ETH/USDT:USDT:['LONG'], SOL/USDT:USDT:['LONG']
2026-08-25 05:08:52,224 - portfolio_wfo_bot - INFO - Balance: $4524.90 | Libre: $3183.36 | Posiciones: ETH/USDT:USDT:['LONG'], SOL/USDT:USDT:['LONG']
2026-08-25 05:09:26,936 - portfolio_wfo_bot - INFO - Balance: $4524.07 | Libre: $3182.49 | Posiciones: ETH/USDT:USDT:['LONG'], SOL/USDT:USDT:['LONG']
2026-08-25 05:10:01,831 - portfolio_wfo_bot - INFO - Balance: $4520.30 | Libre: $3178.00 | Posiciones: ETH/USDT:USDT:['LONG'], SOL/USDT:USDT:['LONG']
2026-08-25 05:10:36,571 - portfolio_wfo_bot - INFO - Balance: $4514.81 | Libre: $3174.28 | Posiciones: ETH/USDT:USDT:['LONG'], SOL/USDT:USDT:['LONG']
2026-08-25 05:11:11,358 - portfolio_wfo_bot - INFO - Balance: $4513.35 | Libre: $3172.97 | Posiciones: ETH/USDT:USDT:['LONG'], SOL/USDT:USDT:['LONG']
2026-08-25 05:11:46,099 - portfolio_wfo_bot - INFO - Balance: $4514.73 | Libre: $3173.49 | Posiciones: ETH/USDT:USDT:['LONG'], SOL/USDT:USDT:['LONG']
2026-08-25 05:12:20,836 - portfolio_wfo_bot - INFO - Balance: $4514.16 | Libre: $3172.37 | Posiciones: ETH/USDT:USDT:['LONG'], SOL/USDT:USDT:['LONG']
2026-08-25 05:13:01,801 - portfolio_wfo_bot - INFO - Balance: $4516.49 | Libre: $3173.91 | Posiciones: ETH/USDT:USDT:['LONG'], SOL/USDT:USDT:['LONG']
2026-08-25 05:13:36,571 - portfolio_wfo_bot - INFO - Balance: $4514.33 | Libre: $3173.85 | Posiciones: ETH/USDT:USDT:['LONG'], SOL/USDT:USDT:['LONG']
2026-08-25 05:14:11,333 - portfolio_wfo_bot - INFO - Balance: $4509.35 | Libre: $3169.37 | Posiciones: ETH/USDT:USDT:['LONG'], SOL/USDT:USDT:['LONG']
2026-08-25 05:14:46,125 - portfolio_wfo_bot - INFO - Balance: $4511.56 | Libre: $3262.01 | Posiciones: ETH/USDT:USDT:['LONG'], SOL/USDT:USDT:['LONG']
2026-08-25 05:15:21,666 - portfolio_wfo_bot - INFO - [SOL/USDT] Entrada LONG colocada @ 97.99 (SL 97.2, TP 98.76, amt 21.0)
2026-08-25 05:15:23,129 - portfolio_wfo_bot - INFO - Balance: $4509.77 | Libre: $3138.97 | Posiciones: ETH/USDT:USDT:['LONG']
2026-08-25 05:15:57,890 - portfolio_wfo_bot - INFO - Balance: $4510.83 | Libre: $3139.92 | Posiciones: ETH/USDT:USDT:['LONG']
2026-08-25 05:16:32,702 - portfolio_wfo_bot - INFO - Balance: $4510.30 | Libre: $3139.44 | Posiciones: ETH/USDT:USDT:['LONG']
2026-08-25 05:17:07,441 - portfolio_wfo_bot - INFO - Balance: $4510.41 | Libre: $3139.54 | Posiciones: ETH/USDT:USDT:['LONG']
2026-08-25 05:17:42,224 - portfolio_wfo_bot - INFO - Balance: $4510.67 | Libre: $3139.77 | Posiciones: ETH/USDT:USDT:['LONG']
2026-08-25 05:18:17,080 - portfolio_wfo_bot - INFO - Balance: $4510.08 | Libre: $3139.24 | Posiciones: ETH/USDT:USDT:['LONG']
2026-08-25 05:18:51,860 - portfolio_wfo_bot - INFO - Balance: $4510.10 | Libre: $3139.26 | Posiciones: ETH/USDT:USDT:['LONG']
2026-08-25 05:19:26,636 - portfolio_wfo_bot - INFO - Balance: $4509.55 | Libre: $3137.29 | Posiciones: ETH/USDT:USDT:['LONG']
2026-08-25 05:20:01,458 - portfolio_wfo_bot - INFO - Balance: $4507.27 | Libre: $3136.24 | Posiciones: ETH/USDT:USDT:['LONG']
2026-08-25 05:20:36,331 - portfolio_wfo_bot - INFO - Balance: $4507.48 | Libre: $3136.25 | Posiciones: ETH/USDT:USDT:['LONG']
2026-08-25 05:21:11,118 - portfolio_wfo_bot - INFO - Balance: $4507.62 | Libre: $3136.98 | Posiciones: ETH/USDT:USDT:['LONG']
2026-08-25 05:21:45,886 - portfolio_wfo_bot - INFO - Balance: $4506.73 | Libre: $3136.23 | Posiciones: ETH/USDT:USDT:['LONG']
2026-08-25 05:22:20,687 - portfolio_wfo_bot - INFO - Balance: $4508.87 | Libre: $3137.49 | Posiciones: ETH/USDT:USDT:['LONG']
2026-08-25 05:22:55,408 - portfolio_wfo_bot - INFO - Balance: $4507.41 | Libre: $3136.84 | Posiciones: ETH/USDT:USDT:['LONG']
2026-08-25 05:23:30,114 - portfolio_wfo_bot - INFO - Balance: $4508.81 | Libre: $3136.56 | Posiciones: ETH/USDT:USDT:['LONG']
2026-08-25 05:24:04,851 - portfolio_wfo_bot - INFO - Balance: $4507.80 | Libre: $3136.66 | Posiciones: ETH/USDT:USDT:['LONG']
2026-08-25 05:24:39,618 - portfolio_wfo_bot - INFO - Balance: $4509.14 | Libre: $3138.40 | Posiciones: ETH/USDT:USDT:['LONG']
2026-08-25 05:25:14,382 - portfolio_wfo_bot - INFO - Balance: $4508.65 | Libre: $3137.96 | Posiciones: ETH/USDT:USDT:['LONG']
2026-08-25 05:25:49,145 - portfolio_wfo_bot - INFO - Balance: $4508.98 | Libre: $3138.16 | Posiciones: ETH/USDT:USDT:['LONG']
2026-08-25 05:26:23,861 - portfolio_wfo_bot - INFO - Balance: $4507.69 | Libre: $3137.09 | Posiciones: ETH/USDT:USDT:['LONG']
2026-08-25 05:26:58,589 - portfolio_wfo_bot - INFO - Balance: $4508.66 | Libre: $3136.26 | Posiciones: ETH/USDT:USDT:['LONG']
2026-08-25 05:27:33,302 - portfolio_wfo_bot - INFO - Balance: $4507.91 | Libre: $3137.29 | Posiciones: ETH/USDT:USDT:['LONG']
2026-08-25 05:28:08,018 - portfolio_wfo_bot - INFO - Balance: $4507.36 | Libre: $3136.79 | Posiciones: ETH/USDT:USDT:['LONG']
2026-08-25 05:28:42,842 - portfolio_wfo_bot - INFO - Balance: $4509.08 | Libre: $3138.34 | Posiciones: ETH/USDT:USDT:['LONG']
2026-08-25 05:29:17,577 - portfolio_wfo_bot - INFO - Balance: $4508.62 | Libre: $3136.82 | Posiciones: ETH/USDT:USDT:['LONG']
2026-08-25 05:29:52,317 - portfolio_wfo_bot - INFO - Balance: $4509.29 | Libre: $3137.90 | Posiciones: ETH/USDT:USDT:['LONG']
2026-08-25 05:30:27,061 - portfolio_wfo_bot - INFO - Balance: $4508.83 | Libre: $3138.11 | Posiciones: ETH/USDT:USDT:['LONG']
2026-08-25 05:31:01,779 - portfolio_wfo_bot - INFO - Balance: $4510.28 | Libre: $3138.23 | Posiciones: ETH/USDT:USDT:['LONG']
2026-08-25 05:31:36,502 - portfolio_wfo_bot - INFO - Balance: $4509.99 | Libre: $3139.17 | Posiciones: ETH/USDT:USDT:['LONG']
2026-08-25 05:32:11,294 - portfolio_wfo_bot - INFO - Balance: $4511.06 | Libre: $3140.13 | Posiciones: ETH/USDT:USDT:['LONG']
2026-08-25 05:32:46,150 - portfolio_wfo_bot - INFO - Balance: $4511.43 | Libre: $3140.45 | Posiciones: ETH/USDT:USDT:['LONG']
2026-08-25 05:33:21,237 - portfolio_wfo_bot - INFO - Balance: $4511.09 | Libre: $3140.15 | Posiciones: ETH/USDT:USDT:['LONG']
2026-08-25 05:33:56,137 - portfolio_wfo_bot - INFO - Balance: $4511.53 | Libre: $3139.98 | Posiciones: ETH/USDT:USDT:['LONG']
2026-08-25 05:34:31,080 - portfolio_wfo_bot - INFO - Balance: $4512.06 | Libre: $3140.25 | Posiciones: ETH/USDT:USDT:['LONG']
2026-08-25 05:35:05,935 - portfolio_wfo_bot - INFO - Balance: $4511.33 | Libre: $3139.97 | Posiciones: ETH/USDT:USDT:['LONG']
2026-08-25 05:35:40,813 - portfolio_wfo_bot - INFO - Balance: $4512.53 | Libre: $3140.48 | Posiciones: ETH/USDT:USDT:['LONG']
2026-08-25 05:36:15,873 - portfolio_wfo_bot - INFO - Balance: $4511.64 | Libre: $3140.65 | Posiciones: ETH/USDT:USDT:['LONG']
2026-08-25 05:36:50,861 - portfolio_wfo_bot - INFO - Balance: $4512.11 | Libre: $3140.62 | Posiciones: ETH/USDT:USDT:['LONG']
2026-08-25 05:37:25,734 - portfolio_wfo_bot - INFO - Balance: $4511.98 | Libre: $3140.61 | Posiciones: ETH/USDT:USDT:['LONG']
2026-08-25 05:38:00,596 - portfolio_wfo_bot - INFO - Balance: $4511.84 | Libre: $3140.65 | Posiciones: ETH/USDT:USDT:['LONG']
2026-08-25 05:38:35,498 - portfolio_wfo_bot - INFO - Balance: $4511.65 | Libre: $3140.66 | Posiciones: ETH/USDT:USDT:['LONG']
2026-08-25 05:39:10,388 - portfolio_wfo_bot - INFO - Balance: $4511.67 | Libre: $3140.67 | Posiciones: ETH/USDT:USDT:['LONG']
2026-08-25 05:39:45,316 - portfolio_wfo_bot - INFO - Balance: $4511.63 | Libre: $3140.63 | Posiciones: ETH/USDT:USDT:['LONG']
2026-08-25 05:40:20,357 - portfolio_wfo_bot - INFO - Balance: $4511.67 | Libre: $3140.67 | Posiciones: ETH/USDT:USDT:['LONG']
2026-08-25 05:40:55,274 - portfolio_wfo_bot - INFO - Balance: $4511.65 | Libre: $3140.66 | Posiciones: ETH/USDT:USDT:['LONG']
2026-08-25 05:41:30,133 - portfolio_wfo_bot - INFO - Balance: $4511.64 | Libre: $3139.96 | Posiciones: ETH/USDT:USDT:['LONG']
2026-08-25 05:42:05,502 - portfolio_wfo_bot - INFO - Balance: $4512.51 | Libre: $3141.43 | Posiciones: ETH/USDT:USDT:['LONG']
2026-08-25 05:42:40,235 - portfolio_wfo_bot - INFO - Balance: $4511.94 | Libre: $3140.78 | Posiciones: ETH/USDT:USDT:['LONG']
2026-08-25 05:43:21,123 - portfolio_wfo_bot - INFO - Balance: $4511.90 | Libre: $3140.86 | Posiciones: ETH/USDT:USDT:['LONG']
2026-08-25 05:43:56,058 - portfolio_wfo_bot - INFO - Balance: $4512.09 | Libre: $3140.87 | Posiciones: ETH/USDT:USDT:['LONG']
2026-08-25 05:44:30,788 - portfolio_wfo_bot - INFO - Balance: $4511.61 | Libre: $3140.62 | Posiciones: ETH/USDT:USDT:['LONG']
2026-08-25 05:45:05,466 - portfolio_wfo_bot - INFO - Balance: $4510.81 | Libre: $3139.90 | Posiciones: ETH/USDT:USDT:['LONG']
2026-08-25 05:45:40,160 - portfolio_wfo_bot - INFO - Balance: $4509.49 | Libre: $3138.71 | Posiciones: ETH/USDT:USDT:['LONG']
2026-08-25 05:46:14,891 - portfolio_wfo_bot - INFO - Balance: $4510.85 | Libre: $3139.93 | Posiciones: ETH/USDT:USDT:['LONG']
2026-08-25 05:46:49,612 - portfolio_wfo_bot - INFO - Balance: $4512.55 | Libre: $3140.47 | Posiciones: ETH/USDT:USDT:['LONG']
2026-08-25 05:47:24,394 - portfolio_wfo_bot - INFO - Balance: $4511.30 | Libre: $3140.34 | Posiciones: ETH/USDT:USDT:['LONG']
2026-08-25 05:47:59,256 - portfolio_wfo_bot - INFO - Balance: $4511.18 | Libre: $3139.90 | Posiciones: ETH/USDT:USDT:['LONG']
2026-08-25 05:48:34,140 - portfolio_wfo_bot - INFO - Balance: $4511.71 | Libre: $3139.87 | Posiciones: ETH/USDT:USDT:['LONG']
2026-08-25 05:49:09,009 - portfolio_wfo_bot - INFO - Balance: $4512.20 | Libre: $3140.78 | Posiciones: ETH/USDT:USDT:['LONG']
2026-08-25 05:49:43,942 - portfolio_wfo_bot - INFO - Balance: $4511.15 | Libre: $3140.21 | Posiciones: ETH/USDT:USDT:['LONG']
2026-08-25 05:50:18,833 - portfolio_wfo_bot - INFO - Balance: $4512.19 | Libre: $3140.78 | Posiciones: ETH/USDT:USDT:['LONG']
2026-08-25 05:50:53,792 - portfolio_wfo_bot - INFO - Balance: $4513.15 | Libre: $3140.71 | Posiciones: ETH/USDT:USDT:['LONG']
2026-08-25 05:51:28,639 - portfolio_wfo_bot - INFO - Balance: $4513.27 | Libre: $3141.19 | Posiciones: ETH/USDT:USDT:['LONG']
2026-08-25 05:52:03,453 - portfolio_wfo_bot - INFO - Balance: $4512.63 | Libre: $3141.25 | Posiciones: ETH/USDT:USDT:['LONG']
2026-08-25 05:52:38,178 - portfolio_wfo_bot - INFO - Balance: $4512.71 | Libre: $3141.61 | Posiciones: ETH/USDT:USDT:['LONG']
2026-08-25 05:53:12,894 - portfolio_wfo_bot - INFO - Balance: $4511.14 | Libre: $3140.09 | Posiciones: ETH/USDT:USDT:['LONG']
2026-08-25 05:53:47,630 - portfolio_wfo_bot - INFO - Balance: $4511.13 | Libre: $3139.87 | Posiciones: ETH/USDT:USDT:['LONG']
2026-08-25 05:54:22,512 - portfolio_wfo_bot - INFO - Balance: $4510.79 | Libre: $3139.88 | Posiciones: ETH/USDT:USDT:['LONG']
2026-08-25 05:54:57,253 - portfolio_wfo_bot - INFO - Balance: $4510.80 | Libre: $3139.89 | Posiciones: ETH/USDT:USDT:['LONG']
2026-08-25 05:55:31,600 - portfolio_wfo_bot - INFO - [BNB/USDT] Veto por churn/sangria expirado -- vuelve a operar.
2026-08-25 05:55:31,840 - portfolio_wfo_bot - INFO - [BNB/USDT] Entrada LONG colocada @ 694.97 (SL 692.01, TP 704.39, amt 3.0)
2026-08-25 05:55:32,205 - portfolio_wfo_bot - INFO - Balance: $4509.52 | Libre: $2930.24 | Posiciones: ETH/USDT:USDT:['LONG']
2026-08-25 05:56:06,930 - portfolio_wfo_bot - INFO - Balance: $4510.95 | Libre: $2930.48 | Posiciones: ETH/USDT:USDT:['LONG']
2026-08-25 05:56:41,655 - portfolio_wfo_bot - INFO - Balance: $4510.87 | Libre: $2931.04 | Posiciones: ETH/USDT:USDT:['LONG']
2026-08-25 05:57:16,495 - portfolio_wfo_bot - INFO - Balance: $4510.58 | Libre: $2930.79 | Posiciones: ETH/USDT:USDT:['LONG']
2026-08-25 05:57:51,569 - portfolio_wfo_bot - INFO - Balance: $4510.13 | Libre: $2930.55 | Posiciones: ETH/USDT:USDT:['LONG']
2026-08-25 05:58:26,432 - portfolio_wfo_bot - INFO - Balance: $4510.83 | Libre: $2931.41 | Posiciones: ETH/USDT:USDT:['LONG']
2026-08-25 05:59:01,282 - portfolio_wfo_bot - INFO - Balance: $4510.56 | Libre: $2930.81 | Posiciones: ETH/USDT:USDT:['LONG']
2026-08-25 05:59:36,104 - portfolio_wfo_bot - INFO - Balance: $4510.42 | Libre: $2930.52 | Posiciones: ETH/USDT:USDT:['LONG']
2026-08-25 06:00:10,976 - portfolio_wfo_bot - INFO - Balance: $4510.13 | Libre: $2930.57 | Posiciones: ETH/USDT:USDT:['LONG']
2026-08-25 06:00:45,833 - portfolio_wfo_bot - INFO - Balance: $4511.16 | Libre: $2931.24 | Posiciones: ETH/USDT:USDT:['LONG']
2026-08-25 06:01:20,750 - portfolio_wfo_bot - INFO - Balance: $4511.00 | Libre: $2931.42 | Posiciones: ETH/USDT:USDT:['LONG']
2026-08-25 06:01:55,617 - portfolio_wfo_bot - INFO - Balance: $4511.14 | Libre: $2931.65 | Posiciones: ETH/USDT:USDT:['LONG']
2026-08-25 06:02:30,503 - portfolio_wfo_bot - INFO - Balance: $4512.46 | Libre: $2932.89 | Posiciones: ETH/USDT:USDT:['LONG']
2026-08-25 06:03:05,368 - portfolio_wfo_bot - INFO - Balance: $4508.50 | Libre: $2929.33 | Posiciones: ETH/USDT:USDT:['LONG']
2026-08-25 06:03:40,315 - portfolio_wfo_bot - INFO - Balance: $4509.51 | Libre: $2928.44 | Posiciones: ETH/USDT:USDT:['LONG']
2026-08-25 06:04:15,219 - portfolio_wfo_bot - INFO - Balance: $4511.36 | Libre: $2931.29 | Posiciones: ETH/USDT:USDT:['LONG']
2026-08-25 06:04:50,141 - portfolio_wfo_bot - INFO - Balance: $4508.72 | Libre: $2929.53 | Posiciones: ETH/USDT:USDT:['LONG']
2026-08-25 06:05:25,028 - portfolio_wfo_bot - INFO - Balance: $4508.71 | Libre: $2928.50 | Posiciones: ETH/USDT:USDT:['LONG']
2026-08-25 06:05:59,839 - portfolio_wfo_bot - INFO - Balance: $4506.70 | Libre: $2927.71 | Posiciones: ETH/USDT:USDT:['LONG']
2026-08-25 06:06:34,698 - portfolio_wfo_bot - INFO - Balance: $4503.59 | Libre: $2924.91 | Posiciones: ETH/USDT:USDT:['LONG']
2026-08-25 06:07:09,623 - portfolio_wfo_bot - INFO - Balance: $4505.32 | Libre: $2926.47 | Posiciones: ETH/USDT:USDT:['LONG']
2026-08-25 06:07:44,497 - portfolio_wfo_bot - INFO - Balance: $4506.97 | Libre: $2927.95 | Posiciones: ETH/USDT:USDT:['LONG']
2026-08-25 06:08:21,040 - portfolio_wfo_bot - INFO - Balance: $4505.81 | Libre: $2926.45 | Posiciones: ETH/USDT:USDT:['LONG'], SOL/USDT:USDT:['LONG']
2026-08-25 06:08:55,926 - portfolio_wfo_bot - INFO - Balance: $4507.97 | Libre: $2927.22 | Posiciones: ETH/USDT:USDT:['LONG'], SOL/USDT:USDT:['LONG']
2026-08-25 06:09:30,963 - portfolio_wfo_bot - INFO - Balance: $4508.00 | Libre: $2928.84 | Posiciones: ETH/USDT:USDT:['LONG'], SOL/USDT:USDT:['LONG']
2026-08-25 06:10:06,099 - portfolio_wfo_bot - INFO - Balance: $4510.69 | Libre: $2929.66 | Posiciones: ETH/USDT:USDT:['LONG'], SOL/USDT:USDT:['LONG']
2026-08-25 06:10:40,989 - portfolio_wfo_bot - INFO - Balance: $4511.19 | Libre: $2931.71 | Posiciones: ETH/USDT:USDT:['LONG'], SOL/USDT:USDT:['LONG']
2026-08-25 06:11:16,036 - portfolio_wfo_bot - INFO - Balance: $4515.39 | Libre: $2932.25 | Posiciones: ETH/USDT:USDT:['LONG'], SOL/USDT:USDT:['LONG']
2026-08-25 06:11:50,940 - portfolio_wfo_bot - INFO - Balance: $4514.31 | Libre: $2934.45 | Posiciones: ETH/USDT:USDT:['LONG'], SOL/USDT:USDT:['LONG']
2026-08-25 06:12:07,613 - portfolio_wfo_bot - INFO - [LINK/USDT] Veto por churn/sangria expirado -- vuelve a operar.
2026-08-25 06:12:07,850 - portfolio_wfo_bot - INFO - [LINK/USDT] Entrada LONG colocada @ 11.437 (SL 11.377, TP 11.556, amt 489.25)
2026-08-25 06:12:25,951 - portfolio_wfo_bot - INFO - Balance: $4515.03 | Libre: $2375.61 | Posiciones: ETH/USDT:USDT:['LONG'], SOL/USDT:USDT:['LONG']
2026-08-25 06:13:06,890 - portfolio_wfo_bot - INFO - Balance: $4516.85 | Libre: $2375.83 | Posiciones: ETH/USDT:USDT:['LONG'], SOL/USDT:USDT:['LONG']
2026-08-25 06:13:41,679 - portfolio_wfo_bot - INFO - Balance: $4516.26 | Libre: $2376.72 | Posiciones: ETH/USDT:USDT:['LONG'], SOL/USDT:USDT:['LONG']
2026-08-25 06:14:16,476 - portfolio_wfo_bot - INFO - Balance: $4517.25 | Libre: $2377.25 | Posiciones: ETH/USDT:USDT:['LONG'], SOL/USDT:USDT:['LONG']
2026-08-25 06:14:51,240 - portfolio_wfo_bot - INFO - Balance: $4518.37 | Libre: $2377.67 | Posiciones: ETH/USDT:USDT:['LONG'], SOL/USDT:USDT:['LONG']
2026-08-25 06:15:25,983 - portfolio_wfo_bot - INFO - Balance: $4517.45 | Libre: $2377.14 | Posiciones: ETH/USDT:USDT:['LONG'], SOL/USDT:USDT:['LONG']
2026-08-25 06:16:00,763 - portfolio_wfo_bot - INFO - Balance: $4514.83 | Libre: $2375.43 | Posiciones: ETH/USDT:USDT:['LONG'], SOL/USDT:USDT:['LONG']
2026-08-25 06:16:35,574 - portfolio_wfo_bot - INFO - Balance: $4514.45 | Libre: $2375.09 | Posiciones: ETH/USDT:USDT:['LONG'], SOL/USDT:USDT:['LONG']
2026-08-25 06:17:10,335 - portfolio_wfo_bot - INFO - Balance: $4515.11 | Libre: $2374.42 | Posiciones: ETH/USDT:USDT:['LONG'], SOL/USDT:USDT:['LONG']
2026-08-25 06:17:45,098 - portfolio_wfo_bot - INFO - Balance: $4513.96 | Libre: $2374.29 | Posiciones: ETH/USDT:USDT:['LONG'], SOL/USDT:USDT:['LONG']
2026-08-25 06:18:19,876 - portfolio_wfo_bot - INFO - Balance: $4505.98 | Libre: $2367.46 | Posiciones: ETH/USDT:USDT:['LONG'], SOL/USDT:USDT:['LONG']
2026-08-25 06:18:54,682 - portfolio_wfo_bot - INFO - Balance: $4510.98 | Libre: $2371.97 | Posiciones: ETH/USDT:USDT:['LONG'], SOL/USDT:USDT:['LONG']
2026-08-25 06:19:29,422 - portfolio_wfo_bot - INFO - Balance: $4510.76 | Libre: $2371.67 | Posiciones: ETH/USDT:USDT:['LONG'], SOL/USDT:USDT:['LONG']
2026-08-25 06:20:04,138 - portfolio_wfo_bot - INFO - Balance: $4511.22 | Libre: $2372.18 | Posiciones: ETH/USDT:USDT:['LONG'], SOL/USDT:USDT:['LONG']
2026-08-25 06:20:38,932 - portfolio_wfo_bot - INFO - Balance: $4510.54 | Libre: $2370.79 | Posiciones: ETH/USDT:USDT:['LONG'], SOL/USDT:USDT:['LONG']
2026-08-25 06:21:13,650 - portfolio_wfo_bot - INFO - Balance: $4510.94 | Libre: $2371.84 | Posiciones: ETH/USDT:USDT:['LONG'], SOL/USDT:USDT:['LONG']
2026-08-25 06:21:48,371 - portfolio_wfo_bot - INFO - Balance: $4508.54 | Libre: $2369.77 | Posiciones: ETH/USDT:USDT:['LONG'], SOL/USDT:USDT:['LONG']
2026-08-25 06:22:23,137 - portfolio_wfo_bot - INFO - Balance: $4505.39 | Libre: $2366.69 | Posiciones: ETH/USDT:USDT:['LONG'], SOL/USDT:USDT:['LONG']
2026-08-25 06:22:57,943 - portfolio_wfo_bot - INFO - Balance: $4497.02 | Libre: $2359.40 | Posiciones: ETH/USDT:USDT:['LONG'], SOL/USDT:USDT:['LONG']
2026-08-25 06:23:32,659 - portfolio_wfo_bot - INFO - Balance: $4496.55 | Libre: $2358.97 | Posiciones: ETH/USDT:USDT:['LONG'], SOL/USDT:USDT:['LONG']
2026-08-25 06:24:07,401 - portfolio_wfo_bot - INFO - Balance: $4494.82 | Libre: $2356.45 | Posiciones: ETH/USDT:USDT:['LONG'], SOL/USDT:USDT:['LONG']
2026-08-25 06:24:42,175 - portfolio_wfo_bot - INFO - Balance: $4497.88 | Libre: $2358.68 | Posiciones: ETH/USDT:USDT:['LONG'], SOL/USDT:USDT:['LONG']
2026-08-25 06:25:16,915 - portfolio_wfo_bot - INFO - Balance: $4498.86 | Libre: $2360.34 | Posiciones: ETH/USDT:USDT:['LONG'], SOL/USDT:USDT:['LONG']
2026-08-25 06:25:51,650 - portfolio_wfo_bot - INFO - Balance: $4495.13 | Libre: $2357.70 | Posiciones: ETH/USDT:USDT:['LONG'], SOL/USDT:USDT:['LONG']
2026-08-25 06:26:26,445 - portfolio_wfo_bot - INFO - Balance: $4482.53 | Libre: $2346.36 | Posiciones: ETH/USDT:USDT:['LONG'], SOL/USDT:USDT:['LONG']
2026-08-25 06:27:01,166 - portfolio_wfo_bot - INFO - Balance: $4490.31 | Libre: $2353.36 | Posiciones: ETH/USDT:USDT:['LONG'], SOL/USDT:USDT:['LONG']
2026-08-25 06:27:35,876 - portfolio_wfo_bot - INFO - Balance: $4489.66 | Libre: $2352.77 | Posiciones: ETH/USDT:USDT:['LONG'], SOL/USDT:USDT:['LONG']
2026-08-25 06:28:10,622 - portfolio_wfo_bot - INFO - Balance: $4491.55 | Libre: $2353.23 | Posiciones: ETH/USDT:USDT:['LONG'], SOL/USDT:USDT:['LONG']
2026-08-25 06:28:45,362 - portfolio_wfo_bot - INFO - Balance: $4492.18 | Libre: $2355.04 | Posiciones: ETH/USDT:USDT:['LONG'], SOL/USDT:USDT:['LONG']
2026-08-25 06:29:20,062 - portfolio_wfo_bot - INFO - Balance: $4498.20 | Libre: $2358.49 | Posiciones: ETH/USDT:USDT:['LONG'], SOL/USDT:USDT:['LONG']
2026-08-25 06:29:54,810 - portfolio_wfo_bot - INFO - Balance: $4497.32 | Libre: $2358.63 | Posiciones: ETH/USDT:USDT:['LONG'], SOL/USDT:USDT:['LONG']
2026-08-25 06:30:29,544 - portfolio_wfo_bot - INFO - Balance: $4494.78 | Libre: $2357.38 | Posiciones: ETH/USDT:USDT:['LONG'], SOL/USDT:USDT:['LONG']
2026-08-25 06:31:04,368 - portfolio_wfo_bot - INFO - Balance: $4499.28 | Libre: $2356.34 | Posiciones: ETH/USDT:USDT:['LONG'], SOL/USDT:USDT:['LONG']
2026-08-25 06:31:39,160 - portfolio_wfo_bot - INFO - Balance: $4497.41 | Libre: $2359.07 | Posiciones: ETH/USDT:USDT:['LONG'], SOL/USDT:USDT:['LONG']
2026-08-25 06:32:13,906 - portfolio_wfo_bot - INFO - Balance: $4500.96 | Libre: $2362.16 | Posiciones: ETH/USDT:USDT:['LONG'], SOL/USDT:USDT:['LONG']
2026-08-25 06:32:48,691 - portfolio_wfo_bot - INFO - Balance: $4500.41 | Libre: $2360.26 | Posiciones: ETH/USDT:USDT:['LONG'], SOL/USDT:USDT:['LONG']
2026-08-25 06:33:23,424 - portfolio_wfo_bot - INFO - Balance: $4500.69 | Libre: $2360.86 | Posiciones: ETH/USDT:USDT:['LONG'], SOL/USDT:USDT:['LONG']
2026-08-25 06:33:58,170 - portfolio_wfo_bot - INFO - Balance: $4502.56 | Libre: $2364.39 | Posiciones: ETH/USDT:USDT:['LONG'], SOL/USDT:USDT:['LONG']
2026-08-25 06:34:32,991 - portfolio_wfo_bot - INFO - Balance: $4501.85 | Libre: $2362.98 | Posiciones: ETH/USDT:USDT:['LONG'], SOL/USDT:USDT:['LONG']
2026-08-25 06:35:07,757 - portfolio_wfo_bot - INFO - Balance: $4501.49 | Libre: $2363.02 | Posiciones: ETH/USDT:USDT:['LONG'], SOL/USDT:USDT:['LONG']
2026-08-25 06:35:42,501 - portfolio_wfo_bot - INFO - Balance: $4500.81 | Libre: $2362.81 | Posiciones: ETH/USDT:USDT:['LONG'], SOL/USDT:USDT:['LONG']
2026-08-25 06:36:17,273 - portfolio_wfo_bot - INFO - Balance: $4500.92 | Libre: $2362.91 | Posiciones: ETH/USDT:USDT:['LONG'], SOL/USDT:USDT:['LONG']
2026-08-25 06:36:51,962 - portfolio_wfo_bot - INFO - Balance: $4503.70 | Libre: $2365.41 | Posiciones: ETH/USDT:USDT:['LONG'], SOL/USDT:USDT:['LONG']
2026-08-25 06:37:26,775 - portfolio_wfo_bot - INFO - Balance: $4502.38 | Libre: $2364.22 | Posiciones: ETH/USDT:USDT:['LONG'], SOL/USDT:USDT:['LONG']
2026-08-25 06:38:01,571 - portfolio_wfo_bot - INFO - Balance: $4500.88 | Libre: $2362.53 | Posiciones: ETH/USDT:USDT:['LONG'], SOL/USDT:USDT:['LONG']
2026-08-25 06:38:36,337 - portfolio_wfo_bot - INFO - Balance: $4501.78 | Libre: $2362.17 | Posiciones: ETH/USDT:USDT:['LONG'], SOL/USDT:USDT:['LONG']
2026-08-25 06:39:11,117 - portfolio_wfo_bot - INFO - Balance: $4500.95 | Libre: $2362.87 | Posiciones: ETH/USDT:USDT:['LONG'], SOL/USDT:USDT:['LONG']
2026-08-25 06:39:45,889 - portfolio_wfo_bot - INFO - Balance: $4501.95 | Libre: $2363.19 | Posiciones: ETH/USDT:USDT:['LONG'], SOL/USDT:USDT:['LONG']
2026-08-25 06:40:20,684 - portfolio_wfo_bot - INFO - Balance: $4495.23 | Libre: $2357.79 | Posiciones: ETH/USDT:USDT:['LONG'], SOL/USDT:USDT:['LONG']
2026-08-25 06:40:55,515 - portfolio_wfo_bot - INFO - Balance: $4498.76 | Libre: $2360.96 | Posiciones: ETH/USDT:USDT:['LONG'], SOL/USDT:USDT:['LONG']
2026-08-25 06:41:30,280 - portfolio_wfo_bot - INFO - Balance: $4502.03 | Libre: $2363.30 | Posiciones: ETH/USDT:USDT:['LONG'], SOL/USDT:USDT:['LONG']
2026-08-25 06:42:05,755 - portfolio_wfo_bot - INFO - Balance: $4501.51 | Libre: $2363.44 | Posiciones: ETH/USDT:USDT:['LONG'], SOL/USDT:USDT:['LONG']
2026-08-25 06:42:40,581 - portfolio_wfo_bot - INFO - Balance: $4503.44 | Libre: $2364.29 | Posiciones: ETH/USDT:USDT:['LONG'], SOL/USDT:USDT:['LONG']
2026-08-25 06:43:21,600 - portfolio_wfo_bot - INFO - Balance: $4503.63 | Libre: $2365.13 | Posiciones: ETH/USDT:USDT:['LONG'], SOL/USDT:USDT:['LONG']
2026-08-25 06:43:56,541 - portfolio_wfo_bot - INFO - Balance: $4503.22 | Libre: $2364.98 | Posiciones: ETH/USDT:USDT:['LONG'], SOL/USDT:USDT:['LONG']
2026-08-25 06:44:31,382 - portfolio_wfo_bot - INFO - Balance: $4503.11 | Libre: $2364.77 | Posiciones: ETH/USDT:USDT:['LONG'], SOL/USDT:USDT:['LONG']
2026-08-25 06:45:06,245 - portfolio_wfo_bot - INFO - Balance: $4503.29 | Libre: $2364.19 | Posiciones: ETH/USDT:USDT:['LONG'], SOL/USDT:USDT:['LONG']
2026-08-25 06:45:22,427 - portfolio_wfo_bot - INFO - [ETH/USDT] Cierre LONG por salida por EMA20 (20 velas)
2026-08-25 06:45:24,478 - portfolio_wfo_bot - INFO - [ETH/USDT] Entrada SHORT colocada @ 2481.47 (SL 2493.93, TP 2471.66, amt 0.778)
2026-08-25 06:45:26,036 - portfolio_wfo_bot - INFO - [LINK/USDT] Entrada SHORT colocada @ 11.678 (SL 11.773, TP 11.6, amt 307.38)
2026-08-25 06:45:42,359 - portfolio_wfo_bot - INFO - [ETH/USDT] Entrada LONG colocada @ 2457.98 (SL 2433.88, TP 2483.78, amt 0.402)
2026-08-25 06:45:44,414 - portfolio_wfo_bot - INFO - Balance: $4502.64 | Libre: $2712.03 | Posiciones: SOL/USDT:USDT:['LONG']
2026-08-25 06:46:19,249 - portfolio_wfo_bot - INFO - Balance: $4501.63 | Libre: $2712.13 | Posiciones: SOL/USDT:USDT:['LONG']
2026-08-25 06:46:53,996 - portfolio_wfo_bot - INFO - Balance: $4502.26 | Libre: $2712.70 | Posiciones: SOL/USDT:USDT:['LONG']
2026-08-25 06:47:28,840 - portfolio_wfo_bot - INFO - Balance: $4502.55 | Libre: $2712.88 | Posiciones: SOL/USDT:USDT:['LONG']
2026-08-25 06:48:03,653 - portfolio_wfo_bot - INFO - Balance: $4503.13 | Libre: $2713.24 | Posiciones: SOL/USDT:USDT:['LONG']
2026-08-25 06:48:38,441 - portfolio_wfo_bot - INFO - Balance: $4503.90 | Libre: $2713.16 | Posiciones: SOL/USDT:USDT:['LONG']
2026-08-25 06:49:13,203 - portfolio_wfo_bot - INFO - Balance: $4505.83 | Libre: $2715.91 | Posiciones: SOL/USDT:USDT:['LONG']
2026-08-25 06:49:47,930 - portfolio_wfo_bot - INFO - Balance: $4506.67 | Libre: $2716.67 | Posiciones: SOL/USDT:USDT:['LONG']
2026-08-25 06:50:22,670 - portfolio_wfo_bot - INFO - Balance: $4506.88 | Libre: $2716.64 | Posiciones: SOL/USDT:USDT:['LONG']
2026-08-25 06:50:57,403 - portfolio_wfo_bot - INFO - Balance: $4507.30 | Libre: $2717.02 | Posiciones: SOL/USDT:USDT:['LONG']
2026-08-25 06:51:32,148 - portfolio_wfo_bot - INFO - Balance: $4507.09 | Libre: $2717.04 | Posiciones: SOL/USDT:USDT:['LONG']
2026-08-25 06:52:06,866 - portfolio_wfo_bot - INFO - Balance: $4507.51 | Libre: $2717.42 | Posiciones: SOL/USDT:USDT:['LONG']
2026-08-25 06:52:41,624 - portfolio_wfo_bot - INFO - Balance: $4508.34 | Libre: $2717.13 | Posiciones: SOL/USDT:USDT:['LONG']
2026-08-25 06:53:16,436 - portfolio_wfo_bot - INFO - Balance: $4508.14 | Libre: $2717.99 | Posiciones: SOL/USDT:USDT:['LONG']
2026-08-25 06:53:51,153 - portfolio_wfo_bot - INFO - Balance: $4507.93 | Libre: $2717.80 | Posiciones: SOL/USDT:USDT:['LONG']
2026-08-25 06:54:25,924 - portfolio_wfo_bot - INFO - Balance: $4508.69 | Libre: $2718.35 | Posiciones: SOL/USDT:USDT:['LONG']
2026-08-25 06:55:00,889 - portfolio_wfo_bot - INFO - Balance: $4508.98 | Libre: $2718.74 | Posiciones: SOL/USDT:USDT:['LONG']
2026-08-25 06:55:35,618 - portfolio_wfo_bot - INFO - Balance: $4509.40 | Libre: $2718.91 | Posiciones: SOL/USDT:USDT:['LONG']
2026-08-25 06:56:10,356 - portfolio_wfo_bot - INFO - Balance: $4509.19 | Libre: $2718.93 | Posiciones: SOL/USDT:USDT:['LONG']
2026-08-25 06:56:45,124 - portfolio_wfo_bot - INFO - Balance: $4508.69 | Libre: $2718.35 | Posiciones: SOL/USDT:USDT:['LONG']
2026-08-25 06:57:19,886 - portfolio_wfo_bot - INFO - Balance: $4508.92 | Libre: $2718.54 | Posiciones: SOL/USDT:USDT:['LONG']
2026-08-25 06:57:54,619 - portfolio_wfo_bot - INFO - Balance: $4508.56 | Libre: $2718.37 | Posiciones: SOL/USDT:USDT:['LONG']
2026-08-25 06:58:29,375 - portfolio_wfo_bot - INFO - Balance: $4508.98 | Libre: $2718.32 | Posiciones: SOL/USDT:USDT:['LONG']
2026-08-25 06:59:04,133 - portfolio_wfo_bot - INFO - Balance: $4508.42 | Libre: $2718.24 | Posiciones: SOL/USDT:USDT:['LONG']
2026-08-25 06:59:38,911 - portfolio_wfo_bot - INFO - Balance: $4509.30 | Libre: $2718.92 | Posiciones: SOL/USDT:USDT:['LONG']
2026-08-25 07:00:13,627 - portfolio_wfo_bot - INFO - Balance: $4508.34 | Libre: $2718.17 | Posiciones: SOL/USDT:USDT:['LONG']
2026-08-25 07:00:48,323 - portfolio_wfo_bot - INFO - Balance: $4508.91 | Libre: $2717.91 | Posiciones: SOL/USDT:USDT:['LONG']
2026-08-25 07:01:23,056 - portfolio_wfo_bot - INFO - Balance: $4510.28 | Libre: $2718.82 | Posiciones: SOL/USDT:USDT:['LONG']
2026-08-25 07:01:57,869 - portfolio_wfo_bot - INFO - Balance: $4508.98 | Libre: $2718.74 | Posiciones: SOL/USDT:USDT:['LONG']
2026-08-25 07:02:32,572 - portfolio_wfo_bot - INFO - Balance: $4508.99 | Libre: $2718.32 | Posiciones: SOL/USDT:USDT:['LONG']
2026-08-25 07:03:07,276 - portfolio_wfo_bot - INFO - Balance: $4510.12 | Libre: $2718.63 | Posiciones: SOL/USDT:USDT:['LONG']
2026-08-25 07:03:41,987 - portfolio_wfo_bot - INFO - Balance: $4510.27 | Libre: $2719.45 | Posiciones: SOL/USDT:USDT:['LONG']
2026-08-25 07:04:16,738 - portfolio_wfo_bot - INFO - Balance: $4510.24 | Libre: $2719.88 | Posiciones: SOL/USDT:USDT:['LONG']
2026-08-25 07:04:51,446 - portfolio_wfo_bot - INFO - Balance: $4511.29 | Libre: $2720.82 | Posiciones: SOL/USDT:USDT:['LONG']
2026-08-25 07:05:26,163 - portfolio_wfo_bot - INFO - Balance: $4511.29 | Libre: $2720.82 | Posiciones: SOL/USDT:USDT:['LONG']
2026-08-25 07:06:00,852 - portfolio_wfo_bot - INFO - Balance: $4510.73 | Libre: $2720.25 | Posiciones: SOL/USDT:USDT:['LONG']
2026-08-25 07:06:35,517 - portfolio_wfo_bot - INFO - Balance: $4510.45 | Libre: $2719.23 | Posiciones: SOL/USDT:USDT:['LONG']
2026-08-25 07:07:10,146 - portfolio_wfo_bot - INFO - Balance: $4509.40 | Libre: $2719.12 | Posiciones: SOL/USDT:USDT:['LONG']
2026-08-25 07:07:44,836 - portfolio_wfo_bot - INFO - Balance: $4508.75 | Libre: $2718.54 | Posiciones: SOL/USDT:USDT:['LONG']
2026-08-25 07:08:19,570 - portfolio_wfo_bot - INFO - Balance: $4505.00 | Libre: $2715.16 | Posiciones: SOL/USDT:USDT:['LONG']
2026-08-25 07:08:54,296 - portfolio_wfo_bot - INFO - Balance: $4505.59 | Libre: $2715.70 | Posiciones: SOL/USDT:USDT:['LONG']
2026-08-25 07:09:29,063 - portfolio_wfo_bot - INFO - Balance: $4505.26 | Libre: $2713.24 | Posiciones: SOL/USDT:USDT:['LONG']
2026-08-25 07:10:03,760 - portfolio_wfo_bot - INFO - Balance: $4502.90 | Libre: $2712.84 | Posiciones: SOL/USDT:USDT:['LONG']
2026-08-25 07:10:38,518 - portfolio_wfo_bot - INFO - Balance: $4502.92 | Libre: $2712.84 | Posiciones: SOL/USDT:USDT:['LONG']
2026-08-25 07:11:13,226 - portfolio_wfo_bot - INFO - Balance: $4501.63 | Libre: $2712.13 | Posiciones: SOL/USDT:USDT:['LONG']
2026-08-25 07:11:48,121 - portfolio_wfo_bot - INFO - Balance: $4499.28 | Libre: $2710.02 | Posiciones: SOL/USDT:USDT:['LONG']
2026-08-25 07:12:22,993 - portfolio_wfo_bot - INFO - Balance: $4500.58 | Libre: $2711.18 | Posiciones: SOL/USDT:USDT:['LONG']
2026-08-25 07:12:57,912 - portfolio_wfo_bot - INFO - Balance: $4498.27 | Libre: $2708.06 | Posiciones: SOL/USDT:USDT:['LONG']
2026-08-25 07:13:38,954 - portfolio_wfo_bot - INFO - Balance: $4500.55 | Libre: $2710.14 | Posiciones: SOL/USDT:USDT:['LONG']
2026-08-25 07:14:13,824 - portfolio_wfo_bot - INFO - Balance: $4500.79 | Libre: $2711.37 | Posiciones: SOL/USDT:USDT:['LONG']
2026-08-25 07:14:48,697 - portfolio_wfo_bot - INFO - Balance: $4498.90 | Libre: $2709.25 | Posiciones: SOL/USDT:USDT:['LONG']
2026-08-25 07:15:23,557 - portfolio_wfo_bot - INFO - Balance: $4498.62 | Libre: $2708.44 | Posiciones: SOL/USDT:USDT:['LONG']
2026-08-25 07:15:58,405 - portfolio_wfo_bot - INFO - Balance: $4496.75 | Libre: $2707.74 | Posiciones: SOL/USDT:USDT:['LONG']
2026-08-25 07:16:33,413 - portfolio_wfo_bot - INFO - Balance: $4495.33 | Libre: $2706.47 | Posiciones: SOL/USDT:USDT:['LONG']
2026-08-25 07:17:08,490 - portfolio_wfo_bot - INFO - Balance: $4495.90 | Libre: $2706.19 | Posiciones: SOL/USDT:USDT:['LONG']
2026-08-25 07:17:43,373 - portfolio_wfo_bot - INFO - Balance: $4495.12 | Libre: $2706.27 | Posiciones: SOL/USDT:USDT:['LONG']
2026-08-25 07:18:18,308 - portfolio_wfo_bot - INFO - Balance: $4491.95 | Libre: $2703.42 | Posiciones: SOL/USDT:USDT:['LONG']
2026-08-25 07:18:53,201 - portfolio_wfo_bot - INFO - Balance: $4491.49 | Libre: $2703.01 | Posiciones: SOL/USDT:USDT:['LONG']
2026-08-25 07:19:28,118 - portfolio_wfo_bot - INFO - Balance: $4492.81 | Libre: $2704.19 | Posiciones: SOL/USDT:USDT:['LONG']
2026-08-25 07:20:03,000 - portfolio_wfo_bot - INFO - Balance: $4492.16 | Libre: $2701.95 | Posiciones: SOL/USDT:USDT:['LONG']
2026-08-25 07:20:37,880 - portfolio_wfo_bot - INFO - Balance: $4492.92 | Libre: $2703.76 | Posiciones: SOL/USDT:USDT:['LONG']
2026-08-25 07:21:12,772 - portfolio_wfo_bot - INFO - Balance: $4494.04 | Libre: $2703.86 | Posiciones: SOL/USDT:USDT:['LONG']
2026-08-25 07:21:47,579 - portfolio_wfo_bot - INFO - Balance: $4494.07 | Libre: $2705.33 | Posiciones: SOL/USDT:USDT:['LONG']
2026-08-25 07:22:22,608 - portfolio_wfo_bot - INFO - Balance: $4491.34 | Libre: $2702.87 | Posiciones: SOL/USDT:USDT:['LONG']
2026-08-25 07:22:57,553 - portfolio_wfo_bot - INFO - Balance: $4490.17 | Libre: $2701.51 | Posiciones: SOL/USDT:USDT:['LONG']
2026-08-25 07:23:32,349 - portfolio_wfo_bot - INFO - Balance: $4487.94 | Libre: $2699.82 | Posiciones: SOL/USDT:USDT:['LONG']
2026-08-25 07:24:07,158 - portfolio_wfo_bot - INFO - Balance: $4490.89 | Libre: $2701.65 | Posiciones: SOL/USDT:USDT:['LONG']
2026-08-25 07:24:41,918 - portfolio_wfo_bot - INFO - Balance: $4490.47 | Libre: $2702.09 | Posiciones: SOL/USDT:USDT:['LONG']
2026-08-25 07:25:16,707 - portfolio_wfo_bot - INFO - Balance: $4490.71 | Libre: $2701.25 | Posiciones: SOL/USDT:USDT:['LONG']
2026-08-25 07:25:51,505 - portfolio_wfo_bot - INFO - Balance: $4489.26 | Libre: $2700.98 | Posiciones: SOL/USDT:USDT:['LONG']
2026-08-25 07:26:26,210 - portfolio_wfo_bot - INFO - Balance: $4485.51 | Libre: $2697.62 | Posiciones: SOL/USDT:USDT:['LONG']
2026-08-25 07:27:00,968 - portfolio_wfo_bot - INFO - Balance: $4486.72 | Libre: $2698.71 | Posiciones: SOL/USDT:USDT:['LONG']
2026-08-25 07:27:35,668 - portfolio_wfo_bot - INFO - Balance: $4485.46 | Libre: $2697.58 | Posiciones: SOL/USDT:USDT:['LONG']
2026-08-25 07:28:24,373 - portfolio_wfo_bot - INFO - Balance: $4477.63 | Libre: $2789.28 | Posiciones: SOL/USDT:USDT:['LONG']
2026-08-25 07:28:40,153 - portfolio_wfo_bot - INFO - [ETH/USDT] Entrada LONG colocada @ 2464.06 (SL 2440.81, TP 2488.96, amt 0.417)
2026-08-25 07:29:02,970 - portfolio_wfo_bot - INFO - Balance: $4475.69 | Libre: $2888.81 | Posiciones: ETH/USDT:USDT:['LONG']
2026-08-25 07:29:19,256 - portfolio_wfo_bot - INFO - [SOL/USDT] Entrada LONG colocada @ 97.18 (SL 96.41, TP 97.94, amt 21.46)
2026-08-25 07:29:41,008 - portfolio_wfo_bot - INFO - Balance: $4469.68 | Libre: $2672.35 | Posiciones: BNB/USDT:USDT:['LONG'], ETH/USDT:USDT:['LONG'], SOL/USDT:USDT:['LONG']
2026-08-25 07:30:15,724 - portfolio_wfo_bot - INFO - Balance: $4478.97 | Libre: $2675.74 | Posiciones: BNB/USDT:USDT:['LONG'], ETH/USDT:USDT:['LONG'], SOL/USDT:USDT:['LONG']
2026-08-25 07:30:50,433 - portfolio_wfo_bot - INFO - Balance: $4480.08 | Libre: $2684.12 | Posiciones: BNB/USDT:USDT:['LONG'], ETH/USDT:USDT:['LONG'], SOL/USDT:USDT:['LONG']
2026-08-25 07:31:25,158 - portfolio_wfo_bot - INFO - Balance: $4477.89 | Libre: $2681.95 | Posiciones: BNB/USDT:USDT:['LONG'], ETH/USDT:USDT:['LONG'], SOL/USDT:USDT:['LONG']
2026-08-25 07:31:59,983 - portfolio_wfo_bot - INFO - Balance: $4478.24 | Libre: $2682.14 | Posiciones: BNB/USDT:USDT:['LONG'], ETH/USDT:USDT:['LONG'], SOL/USDT:USDT:['LONG']
2026-08-25 07:32:34,743 - portfolio_wfo_bot - INFO - Balance: $4480.60 | Libre: $2684.01 | Posiciones: BNB/USDT:USDT:['LONG'], ETH/USDT:USDT:['LONG'], SOL/USDT:USDT:['LONG']
2026-08-25 07:33:09,568 - portfolio_wfo_bot - INFO - Balance: $4485.57 | Libre: $2686.12 | Posiciones: BNB/USDT:USDT:['LONG'], ETH/USDT:USDT:['LONG'], SOL/USDT:USDT:['LONG']
2026-08-25 07:33:44,439 - portfolio_wfo_bot - INFO - Balance: $4491.75 | Libre: $2689.34 | Posiciones: BNB/USDT:USDT:['LONG'], ETH/USDT:USDT:['LONG'], SOL/USDT:USDT:['LONG']
2026-08-25 07:34:19,204 - portfolio_wfo_bot - INFO - Balance: $4489.62 | Libre: $2691.89 | Posiciones: BNB/USDT:USDT:['LONG'], ETH/USDT:USDT:['LONG'], SOL/USDT:USDT:['LONG']
2026-08-25 07:34:53,969 - portfolio_wfo_bot - INFO - Balance: $4490.98 | Libre: $2693.56 | Posiciones: BNB/USDT:USDT:['LONG'], ETH/USDT:USDT:['LONG'], SOL/USDT:USDT:['LONG']
2026-08-25 07:35:28,743 - portfolio_wfo_bot - INFO - Balance: $4495.40 | Libre: $2696.35 | Posiciones: BNB/USDT:USDT:['LONG'], ETH/USDT:USDT:['LONG'], SOL/USDT:USDT:['LONG']
2026-08-25 07:36:03,512 - portfolio_wfo_bot - INFO - Balance: $4498.43 | Libre: $2695.46 | Posiciones: BNB/USDT:USDT:['LONG'], ETH/USDT:USDT:['LONG'], SOL/USDT:USDT:['LONG']
2026-08-25 07:36:38,271 - portfolio_wfo_bot - INFO - Balance: $4498.35 | Libre: $2700.66 | Posiciones: BNB/USDT:USDT:['LONG'], ETH/USDT:USDT:['LONG'], SOL/USDT:USDT:['LONG']
2026-08-25 07:37:15,095 - portfolio_wfo_bot - INFO - Balance: $4501.41 | Libre: $2913.01 | Posiciones: BNB/USDT:USDT:['LONG'], ETH/USDT:USDT:['LONG']
2026-08-25 07:37:31,433 - portfolio_wfo_bot - INFO - [SOL/USDT] Entrada LONG colocada @ 95.97 (SL 95.12, TP 96.79, amt 19.65)
2026-08-25 07:37:50,127 - portfolio_wfo_bot - INFO - Balance: $4505.23 | Libre: $2728.39 | Posiciones: BNB/USDT:USDT:['LONG'], ETH/USDT:USDT:['LONG']
2026-08-25 07:38:24,964 - portfolio_wfo_bot - INFO - Balance: $4505.40 | Libre: $2728.56 | Posiciones: BNB/USDT:USDT:['LONG'], ETH/USDT:USDT:['LONG']
2026-08-25 07:38:59,730 - portfolio_wfo_bot - INFO - Balance: $4504.02 | Libre: $2727.30 | Posiciones: BNB/USDT:USDT:['LONG'], ETH/USDT:USDT:['LONG']
2026-08-25 07:39:34,648 - portfolio_wfo_bot - INFO - Balance: $4504.74 | Libre: $2727.85 | Posiciones: BNB/USDT:USDT:['LONG'], ETH/USDT:USDT:['LONG']
2026-08-25 07:40:09,461 - portfolio_wfo_bot - INFO - Balance: $4503.46 | Libre: $2726.82 | Posiciones: BNB/USDT:USDT:['LONG'], ETH/USDT:USDT:['LONG']
2026-08-25 07:40:44,222 - portfolio_wfo_bot - INFO - Balance: $4504.40 | Libre: $2727.66 | Posiciones: BNB/USDT:USDT:['LONG'], ETH/USDT:USDT:['LONG']
2026-08-25 07:41:18,972 - portfolio_wfo_bot - INFO - Balance: $4502.62 | Libre: $2726.07 | Posiciones: BNB/USDT:USDT:['LONG'], ETH/USDT:USDT:['LONG']
2026-08-25 07:41:54,323 - portfolio_wfo_bot - INFO - Balance: $4502.87 | Libre: $2726.29 | Posiciones: BNB/USDT:USDT:['LONG'], ETH/USDT:USDT:['LONG']
2026-08-25 07:42:28,933 - portfolio_wfo_bot - INFO - Balance: $4504.37 | Libre: $2727.31 | Posiciones: BNB/USDT:USDT:['LONG'], ETH/USDT:USDT:['LONG']
2026-08-25 07:43:03,630 - portfolio_wfo_bot - INFO - Balance: $4501.20 | Libre: $2724.79 | Posiciones: BNB/USDT:USDT:['LONG'], ETH/USDT:USDT:['LONG']
2026-08-25 07:43:44,499 - portfolio_wfo_bot - INFO - Balance: $4498.51 | Libre: $2722.37 | Posiciones: BNB/USDT:USDT:['LONG'], ETH/USDT:USDT:['LONG']
2026-08-25 07:44:19,217 - portfolio_wfo_bot - INFO - Balance: $4497.68 | Libre: $2721.62 | Posiciones: BNB/USDT:USDT:['LONG'], ETH/USDT:USDT:['LONG']
2026-08-25 07:44:54,135 - portfolio_wfo_bot - INFO - Balance: $4496.77 | Libre: $2720.80 | Posiciones: BNB/USDT:USDT:['LONG'], ETH/USDT:USDT:['LONG']
2026-08-25 07:45:28,884 - portfolio_wfo_bot - INFO - Balance: $4496.36 | Libre: $2720.43 | Posiciones: BNB/USDT:USDT:['LONG'], ETH/USDT:USDT:['LONG']
2026-08-25 07:46:03,748 - portfolio_wfo_bot - INFO - Balance: $4495.66 | Libre: $2719.80 | Posiciones: BNB/USDT:USDT:['LONG'], ETH/USDT:USDT:['LONG']
2026-08-25 07:46:38,462 - portfolio_wfo_bot - INFO - Balance: $4496.53 | Libre: $2720.58 | Posiciones: BNB/USDT:USDT:['LONG'], ETH/USDT:USDT:['LONG']
2026-08-25 07:47:13,178 - portfolio_wfo_bot - INFO - Balance: $4494.65 | Libre: $2718.30 | Posiciones: BNB/USDT:USDT:['LONG'], ETH/USDT:USDT:['LONG']
2026-08-25 07:47:47,836 - portfolio_wfo_bot - INFO - Balance: $4492.52 | Libre: $2716.94 | Posiciones: BNB/USDT:USDT:['LONG'], ETH/USDT:USDT:['LONG']
2026-08-25 07:48:22,519 - portfolio_wfo_bot - INFO - Balance: $4492.91 | Libre: $2716.95 | Posiciones: BNB/USDT:USDT:['LONG'], ETH/USDT:USDT:['LONG']
2026-08-25 07:48:57,215 - portfolio_wfo_bot - INFO - Balance: $4491.46 | Libre: $2716.02 | Posiciones: BNB/USDT:USDT:['LONG'], ETH/USDT:USDT:['LONG']
2026-08-25 07:49:31,868 - portfolio_wfo_bot - INFO - Balance: $4491.50 | Libre: $2715.88 | Posiciones: BNB/USDT:USDT:['LONG'], ETH/USDT:USDT:['LONG']
2026-08-25 07:50:06,572 - portfolio_wfo_bot - INFO - Balance: $4489.84 | Libre: $2713.27 | Posiciones: BNB/USDT:USDT:['LONG'], ETH/USDT:USDT:['LONG']
2026-08-25 07:50:41,423 - portfolio_wfo_bot - INFO - Balance: $4488.49 | Libre: $2713.35 | Posiciones: BNB/USDT:USDT:['LONG'], ETH/USDT:USDT:['LONG']
2026-08-25 07:51:16,268 - portfolio_wfo_bot - INFO - Balance: $4483.65 | Libre: $2708.99 | Posiciones: BNB/USDT:USDT:['LONG'], ETH/USDT:USDT:['LONG']
2026-08-25 07:51:57,532 - portfolio_wfo_bot - INFO - Balance: $4483.37 | Libre: $2708.63 | Posiciones: BNB/USDT:USDT:['LONG'], LINK/USDT:USDT:['LONG'], ETH/USDT:USDT:['LONG']
2026-08-25 07:52:32,558 - portfolio_wfo_bot - INFO - Balance: $4478.94 | Libre: $2703.88 | Posiciones: BNB/USDT:USDT:['LONG'], LINK/USDT:USDT:['LONG'], ETH/USDT:USDT:['LONG']
2026-08-25 07:53:07,450 - portfolio_wfo_bot - INFO - Balance: $4466.41 | Libre: $2693.37 | Posiciones: BNB/USDT:USDT:['LONG'], LINK/USDT:USDT:['LONG'], ETH/USDT:USDT:['LONG']
2026-08-25 07:53:42,387 - portfolio_wfo_bot - INFO - Balance: $4469.49 | Libre: $2688.62 | Posiciones: BNB/USDT:USDT:['LONG'], LINK/USDT:USDT:['LONG'], ETH/USDT:USDT:['LONG']
2026-08-25 07:54:17,172 - portfolio_wfo_bot - INFO - Balance: $4461.73 | Libre: $3046.21 | Posiciones: BNB/USDT:USDT:['LONG'], LINK/USDT:USDT:['LONG'], ETH/USDT:USDT:['LONG']
2026-08-25 07:54:51,927 - portfolio_wfo_bot - INFO - Balance: $4463.89 | Libre: $3050.28 | Posiciones: BNB/USDT:USDT:['LONG'], LINK/USDT:USDT:['LONG'], ETH/USDT:USDT:['LONG']
2026-08-25 07:55:26,806 - portfolio_wfo_bot - INFO - Balance: $4465.07 | Libre: $3048.48 | Posiciones: BNB/USDT:USDT:['LONG'], LINK/USDT:USDT:['LONG'], ETH/USDT:USDT:['LONG']
2026-08-25 07:56:01,499 - portfolio_wfo_bot - INFO - Balance: $4463.28 | Libre: $3051.32 | Posiciones: BNB/USDT:USDT:['LONG'], LINK/USDT:USDT:['LONG'], ETH/USDT:USDT:['LONG']
2026-08-25 07:56:36,324 - portfolio_wfo_bot - INFO - Balance: $4464.55 | Libre: $3050.19 | Posiciones: BNB/USDT:USDT:['LONG'], LINK/USDT:USDT:['LONG'], ETH/USDT:USDT:['LONG']
2026-08-25 07:57:11,149 - portfolio_wfo_bot - INFO - Balance: $4468.36 | Libre: $3055.40 | Posiciones: BNB/USDT:USDT:['LONG'], LINK/USDT:USDT:['LONG'], ETH/USDT:USDT:['LONG']
2026-08-25 07:57:45,982 - portfolio_wfo_bot - INFO - Balance: $4470.22 | Libre: $3056.65 | Posiciones: BNB/USDT:USDT:['LONG'], LINK/USDT:USDT:['LONG'], ETH/USDT:USDT:['LONG']
2026-08-25 07:58:20,802 - portfolio_wfo_bot - INFO - Balance: $4467.56 | Libre: $3054.72 | Posiciones: BNB/USDT:USDT:['LONG'], LINK/USDT:USDT:['LONG'], ETH/USDT:USDT:['LONG']
2026-08-25 07:58:55,662 - portfolio_wfo_bot - INFO - Balance: $4472.26 | Libre: $3058.00 | Posiciones: BNB/USDT:USDT:['LONG'], LINK/USDT:USDT:['LONG'], ETH/USDT:USDT:['LONG']
2026-08-25 07:59:30,694 - portfolio_wfo_bot - INFO - Balance: $4472.70 | Libre: $3059.37 | Posiciones: BNB/USDT:USDT:['LONG'], LINK/USDT:USDT:['LONG'], ETH/USDT:USDT:['LONG']
2026-08-25 08:00:05,529 - portfolio_wfo_bot - INFO - Balance: $4475.21 | Libre: $3061.40 | Posiciones: BNB/USDT:USDT:['LONG'], LINK/USDT:USDT:['LONG'], ETH/USDT:USDT:['LONG']
2026-08-25 08:00:40,318 - portfolio_wfo_bot - INFO - Balance: $4477.70 | Libre: $3064.30 | Posiciones: BNB/USDT:USDT:['LONG'], LINK/USDT:USDT:['LONG'], ETH/USDT:USDT:['LONG']
2026-08-25 08:01:15,144 - portfolio_wfo_bot - INFO - Balance: $4476.45 | Libre: $3063.17 | Posiciones: BNB/USDT:USDT:['LONG'], LINK/USDT:USDT:['LONG'], ETH/USDT:USDT:['LONG']
2026-08-25 08:01:49,843 - portfolio_wfo_bot - INFO - Balance: $4478.82 | Libre: $3064.34 | Posiciones: BNB/USDT:USDT:['LONG'], LINK/USDT:USDT:['LONG'], ETH/USDT:USDT:['LONG']
2026-08-25 08:02:24,615 - portfolio_wfo_bot - INFO - Balance: $4480.93 | Libre: $3065.30 | Posiciones: BNB/USDT:USDT:['LONG'], LINK/USDT:USDT:['LONG'], ETH/USDT:USDT:['LONG']
2026-08-25 08:02:59,403 - portfolio_wfo_bot - INFO - Balance: $4471.46 | Libre: $3058.68 | Posiciones: BNB/USDT:USDT:['LONG'], LINK/USDT:USDT:['LONG'], ETH/USDT:USDT:['LONG']
2026-08-25 08:03:34,157 - portfolio_wfo_bot - INFO - Balance: $4479.53 | Libre: $3065.67 | Posiciones: BNB/USDT:USDT:['LONG'], LINK/USDT:USDT:['LONG'], ETH/USDT:USDT:['LONG']
2026-08-25 08:04:09,056 - portfolio_wfo_bot - INFO - Balance: $4479.31 | Libre: $3065.75 | Posiciones: BNB/USDT:USDT:['LONG'], LINK/USDT:USDT:['LONG'], ETH/USDT:USDT:['LONG']
2026-08-25 08:04:43,723 - portfolio_wfo_bot - INFO - Balance: $4482.75 | Libre: $3066.69 | Posiciones: BNB/USDT:USDT:['LONG'], LINK/USDT:USDT:['LONG'], ETH/USDT:USDT:['LONG']
2026-08-25 08:05:18,476 - portfolio_wfo_bot - INFO - Balance: $4483.30 | Libre: $3067.16 | Posiciones: BNB/USDT:USDT:['LONG'], LINK/USDT:USDT:['LONG'], ETH/USDT:USDT:['LONG']
2026-08-25 08:05:53,183 - portfolio_wfo_bot - INFO - Balance: $4482.74 | Libre: $3068.45 | Posiciones: BNB/USDT:USDT:['LONG'], LINK/USDT:USDT:['LONG'], ETH/USDT:USDT:['LONG']
2026-08-25 08:06:27,888 - portfolio_wfo_bot - INFO - Balance: $4481.14 | Libre: $3066.48 | Posiciones: BNB/USDT:USDT:['LONG'], LINK/USDT:USDT:['LONG'], ETH/USDT:USDT:['LONG']
2026-08-25 08:07:02,626 - portfolio_wfo_bot - INFO - Balance: $4479.31 | Libre: $3065.75 | Posiciones: BNB/USDT:USDT:['LONG'], LINK/USDT:USDT:['LONG'], ETH/USDT:USDT:['LONG']
2026-08-25 08:07:37,400 - portfolio_wfo_bot - INFO - Balance: $4485.09 | Libre: $3069.24 | Posiciones: BNB/USDT:USDT:['LONG'], LINK/USDT:USDT:['LONG'], ETH/USDT:USDT:['LONG']
2026-08-25 08:08:12,116 - portfolio_wfo_bot - INFO - Balance: $4484.84 | Libre: $3067.85 | Posiciones: BNB/USDT:USDT:['LONG'], LINK/USDT:USDT:['LONG'], ETH/USDT:USDT:['LONG']
2026-08-25 08:08:46,807 - portfolio_wfo_bot - INFO - Balance: $4484.08 | Libre: $3070.03 | Posiciones: BNB/USDT:USDT:['LONG'], LINK/USDT:USDT:['LONG'], ETH/USDT:USDT:['LONG']
2026-08-25 08:09:21,715 - portfolio_wfo_bot - INFO - Balance: $4484.93 | Libre: $3070.72 | Posiciones: BNB/USDT:USDT:['LONG'], LINK/USDT:USDT:['LONG'], ETH/USDT:USDT:['LONG']
2026-08-25 08:09:56,602 - portfolio_wfo_bot - INFO - Balance: $4486.34 | Libre: $3068.48 | Posiciones: BNB/USDT:USDT:['LONG'], LINK/USDT:USDT:['LONG'], ETH/USDT:USDT:['LONG']
2026-08-25 08:10:31,557 - portfolio_wfo_bot - INFO - Balance: $4487.07 | Libre: $3071.22 | Posiciones: BNB/USDT:USDT:['LONG'], LINK/USDT:USDT:['LONG'], ETH/USDT:USDT:['LONG']
2026-08-25 08:11:06,329 - portfolio_wfo_bot - INFO - Balance: $4487.09 | Libre: $3072.75 | Posiciones: BNB/USDT:USDT:['LONG'], LINK/USDT:USDT:['LONG'], ETH/USDT:USDT:['LONG']
2026-08-25 08:11:41,067 - portfolio_wfo_bot - INFO - Balance: $4493.44 | Libre: $3078.35 | Posiciones: BNB/USDT:USDT:['LONG'], LINK/USDT:USDT:['LONG'], ETH/USDT:USDT:['LONG']
2026-08-25 08:12:15,792 - portfolio_wfo_bot - INFO - Balance: $4492.90 | Libre: $3077.98 | Posiciones: BNB/USDT:USDT:['LONG'], LINK/USDT:USDT:['LONG'], ETH/USDT:USDT:['LONG']
2026-08-25 08:12:50,510 - portfolio_wfo_bot - INFO - Balance: $4494.70 | Libre: $3079.19 | Posiciones: BNB/USDT:USDT:['LONG'], LINK/USDT:USDT:['LONG'], ETH/USDT:USDT:['LONG']
2026-08-25 08:13:31,417 - portfolio_wfo_bot - INFO - Balance: $4494.46 | Libre: $3079.37 | Posiciones: BNB/USDT:USDT:['LONG'], LINK/USDT:USDT:['LONG'], ETH/USDT:USDT:['LONG']
2026-08-25 08:14:06,181 - portfolio_wfo_bot - INFO - Balance: $4494.35 | Libre: $3079.28 | Posiciones: BNB/USDT:USDT:['LONG'], LINK/USDT:USDT:['LONG'], ETH/USDT:USDT:['LONG']
2026-08-25 08:14:40,894 - portfolio_wfo_bot - INFO - Balance: $4493.69 | Libre: $3078.69 | Posiciones: BNB/USDT:USDT:['LONG'], LINK/USDT:USDT:['LONG'], ETH/USDT:USDT:['LONG']
2026-08-25 08:15:15,703 - portfolio_wfo_bot - INFO - Balance: $4492.88 | Libre: $3077.96 | Posiciones: BNB/USDT:USDT:['LONG'], LINK/USDT:USDT:['LONG'], ETH/USDT:USDT:['LONG']
2026-08-25 08:15:50,436 - portfolio_wfo_bot - INFO - Balance: $4498.24 | Libre: $3078.11 | Posiciones: BNB/USDT:USDT:['LONG'], LINK/USDT:USDT:['LONG'], ETH/USDT:USDT:['LONG']
2026-08-25 08:16:25,328 - portfolio_wfo_bot - INFO - Balance: $4496.37 | Libre: $3079.82 | Posiciones: BNB/USDT:USDT:['LONG'], LINK/USDT:USDT:['LONG'], ETH/USDT:USDT:['LONG']
2026-08-25 08:17:00,165 - portfolio_wfo_bot - INFO - Balance: $4493.99 | Libre: $3078.79 | Posiciones: BNB/USDT:USDT:['LONG'], LINK/USDT:USDT:['LONG'], ETH/USDT:USDT:['LONG']
2026-08-25 08:17:34,956 - portfolio_wfo_bot - INFO - Balance: $4496.78 | Libre: $3081.20 | Posiciones: BNB/USDT:USDT:['LONG'], LINK/USDT:USDT:['LONG'], ETH/USDT:USDT:['LONG']
2026-08-25 08:18:09,810 - portfolio_wfo_bot - INFO - Balance: $4494.74 | Libre: $3079.64 | Posiciones: BNB/USDT:USDT:['LONG'], LINK/USDT:USDT:['LONG'], ETH/USDT:USDT:['LONG']
2026-08-25 08:18:44,596 - portfolio_wfo_bot - INFO - Balance: $4496.58 | Libre: $3081.08 | Posiciones: BNB/USDT:USDT:['LONG'], LINK/USDT:USDT:['LONG'], ETH/USDT:USDT:['LONG']
2026-08-25 08:19:19,415 - portfolio_wfo_bot - INFO - Balance: $4497.27 | Libre: $3081.00 | Posiciones: BNB/USDT:USDT:['LONG'], LINK/USDT:USDT:['LONG'], ETH/USDT:USDT:['LONG']
2026-08-25 08:19:54,364 - portfolio_wfo_bot - INFO - Balance: $4494.11 | Libre: $3079.06 | Posiciones: BNB/USDT:USDT:['LONG'], LINK/USDT:USDT:['LONG'], ETH/USDT:USDT:['LONG']
2026-08-25 08:20:29,289 - portfolio_wfo_bot - INFO - Balance: $4495.49 | Libre: $3080.13 | Posiciones: BNB/USDT:USDT:['LONG'], LINK/USDT:USDT:['LONG'], ETH/USDT:USDT:['LONG']
2026-08-25 08:21:04,138 - portfolio_wfo_bot - INFO - Balance: $4498.49 | Libre: $3080.55 | Posiciones: BNB/USDT:USDT:['LONG'], LINK/USDT:USDT:['LONG'], ETH/USDT:USDT:['LONG']
2026-08-25 08:21:38,956 - portfolio_wfo_bot - INFO - Balance: $4496.07 | Libre: $3080.78 | Posiciones: BNB/USDT:USDT:['LONG'], LINK/USDT:USDT:['LONG'], ETH/USDT:USDT:['LONG']
2026-08-25 08:22:13,767 - portfolio_wfo_bot - INFO - Balance: $4497.48 | Libre: $3082.02 | Posiciones: BNB/USDT:USDT:['LONG'], LINK/USDT:USDT:['LONG'], ETH/USDT:USDT:['LONG']
2026-08-25 08:22:48,755 - portfolio_wfo_bot - INFO - Balance: $4498.87 | Libre: $3082.99 | Posiciones: BNB/USDT:USDT:['LONG'], LINK/USDT:USDT:['LONG'], ETH/USDT:USDT:['LONG']
2026-08-25 08:23:23,631 - portfolio_wfo_bot - INFO - Balance: $4499.15 | Libre: $3083.60 | Posiciones: BNB/USDT:USDT:['LONG'], LINK/USDT:USDT:['LONG'], ETH/USDT:USDT:['LONG']
2026-08-25 08:23:58,418 - portfolio_wfo_bot - INFO - Balance: $4499.70 | Libre: $3084.10 | Posiciones: BNB/USDT:USDT:['LONG'], LINK/USDT:USDT:['LONG'], ETH/USDT:USDT:['LONG']
2026-08-25 08:24:33,228 - portfolio_wfo_bot - INFO - Balance: $4499.92 | Libre: $3084.29 | Posiciones: BNB/USDT:USDT:['LONG'], LINK/USDT:USDT:['LONG'], ETH/USDT:USDT:['LONG']
2026-08-25 08:25:08,048 - portfolio_wfo_bot - INFO - Balance: $4504.83 | Libre: $3084.62 | Posiciones: BNB/USDT:USDT:['LONG'], LINK/USDT:USDT:['LONG'], ETH/USDT:USDT:['LONG']
2026-08-25 08:25:42,818 - portfolio_wfo_bot - INFO - Balance: $4501.76 | Libre: $3085.83 | Posiciones: BNB/USDT:USDT:['LONG'], LINK/USDT:USDT:['LONG'], ETH/USDT:USDT:['LONG']
2026-08-25 08:26:17,620 - portfolio_wfo_bot - INFO - Balance: $4501.84 | Libre: $3086.02 | Posiciones: BNB/USDT:USDT:['LONG'], LINK/USDT:USDT:['LONG'], ETH/USDT:USDT:['LONG']
2026-08-25 08:26:52,432 - portfolio_wfo_bot - INFO - Balance: $4504.04 | Libre: $3086.30 | Posiciones: BNB/USDT:USDT:['LONG'], LINK/USDT:USDT:['LONG'], ETH/USDT:USDT:['LONG']
2026-08-25 08:27:27,335 - portfolio_wfo_bot - INFO - Balance: $4505.13 | Libre: $3086.64 | Posiciones: BNB/USDT:USDT:['LONG'], LINK/USDT:USDT:['LONG'], ETH/USDT:USDT:['LONG']
2026-08-25 08:28:02,145 - portfolio_wfo_bot - INFO - Balance: $4504.04 | Libre: $3088.01 | Posiciones: BNB/USDT:USDT:['LONG'], LINK/USDT:USDT:['LONG'], ETH/USDT:USDT:['LONG']
2026-08-25 08:28:36,945 - portfolio_wfo_bot - INFO - Balance: $4504.17 | Libre: $3087.90 | Posiciones: BNB/USDT:USDT:['LONG'], LINK/USDT:USDT:['LONG'], ETH/USDT:USDT:['LONG']
2026-08-25 08:29:11,769 - portfolio_wfo_bot - INFO - Balance: $4505.79 | Libre: $3088.55 | Posiciones: BNB/USDT:USDT:['LONG'], LINK/USDT:USDT:['LONG'], ETH/USDT:USDT:['LONG']
2026-08-25 08:29:46,626 - portfolio_wfo_bot - INFO - Balance: $4505.37 | Libre: $3088.88 | Posiciones: BNB/USDT:USDT:['LONG'], LINK/USDT:USDT:['LONG'], ETH/USDT:USDT:['LONG']
2026-08-25 08:30:21,522 - portfolio_wfo_bot - INFO - Balance: $4504.33 | Libre: $3088.12 | Posiciones: BNB/USDT:USDT:['LONG'], LINK/USDT:USDT:['LONG'], ETH/USDT:USDT:['LONG']
2026-08-25 08:30:56,374 - portfolio_wfo_bot - INFO - Balance: $4505.09 | Libre: $3088.94 | Posiciones: BNB/USDT:USDT:['LONG'], LINK/USDT:USDT:['LONG'], ETH/USDT:USDT:['LONG']
2026-08-25 08:31:31,171 - portfolio_wfo_bot - INFO - Balance: $4507.34 | Libre: $3090.97 | Posiciones: BNB/USDT:USDT:['LONG'], LINK/USDT:USDT:['LONG'], ETH/USDT:USDT:['LONG']
2026-08-25 08:32:06,063 - portfolio_wfo_bot - INFO - Balance: $4511.75 | Libre: $3093.34 | Posiciones: BNB/USDT:USDT:['LONG'], LINK/USDT:USDT:['LONG'], ETH/USDT:USDT:['LONG']
2026-08-25 08:32:40,891 - portfolio_wfo_bot - INFO - Balance: $4511.48 | Libre: $3094.51 | Posiciones: BNB/USDT:USDT:['LONG'], LINK/USDT:USDT:['LONG'], ETH/USDT:USDT:['LONG']
2026-08-25 08:33:15,969 - portfolio_wfo_bot - INFO - Balance: $4513.29 | Libre: $3096.15 | Posiciones: BNB/USDT:USDT:['LONG'], LINK/USDT:USDT:['LONG'], ETH/USDT:USDT:['LONG']
2026-08-25 08:33:50,921 - portfolio_wfo_bot - INFO - Balance: $4517.37 | Libre: $3098.99 | Posiciones: BNB/USDT:USDT:['LONG'], LINK/USDT:USDT:['LONG'], ETH/USDT:USDT:['LONG']
2026-08-25 08:34:25,717 - portfolio_wfo_bot - INFO - Balance: $4514.98 | Libre: $3097.85 | Posiciones: BNB/USDT:USDT:['LONG'], LINK/USDT:USDT:['LONG'], ETH/USDT:USDT:['LONG']
2026-08-25 08:35:00,519 - portfolio_wfo_bot - INFO - Balance: $4514.75 | Libre: $3097.63 | Posiciones: BNB/USDT:USDT:['LONG'], LINK/USDT:USDT:['LONG'], ETH/USDT:USDT:['LONG']
2026-08-25 08:35:35,324 - portfolio_wfo_bot - INFO - Balance: $4516.85 | Libre: $3098.73 | Posiciones: BNB/USDT:USDT:['LONG'], LINK/USDT:USDT:['LONG'], ETH/USDT:USDT:['LONG']
2026-08-25 08:36:10,123 - portfolio_wfo_bot - INFO - Balance: $4513.31 | Libre: $3091.33 | Posiciones: BNB/USDT:USDT:['LONG'], LINK/USDT:USDT:['LONG'], ETH/USDT:USDT:['LONG']
2026-08-25 08:36:44,978 - portfolio_wfo_bot - INFO - Balance: $4515.52 | Libre: $3093.46 | Posiciones: BNB/USDT:USDT:['LONG'], LINK/USDT:USDT:['LONG'], ETH/USDT:USDT:['LONG']
2026-08-25 08:37:19,789 - portfolio_wfo_bot - INFO - Balance: $4515.61 | Libre: $3098.25 | Posiciones: BNB/USDT:USDT:['LONG'], LINK/USDT:USDT:['LONG'], ETH/USDT:USDT:['LONG']
2026-08-25 08:37:54,603 - portfolio_wfo_bot - INFO - Balance: $4515.28 | Libre: $3097.89 | Posiciones: BNB/USDT:USDT:['LONG'], LINK/USDT:USDT:['LONG'], ETH/USDT:USDT:['LONG']
2026-08-25 08:38:29,419 - portfolio_wfo_bot - INFO - Balance: $4514.59 | Libre: $3097.41 | Posiciones: BNB/USDT:USDT:['LONG'], LINK/USDT:USDT:['LONG'], ETH/USDT:USDT:['LONG']
2026-08-26 00:41:41,945 - portfolio_wfo_bot - INFO - Iniciando reoptimizacion diaria...
